"","C3002","C3003","C3004","C3005","C3006","C3011","C3015","C3016","C3017","C3021","C3022","C3023","H4006","H4007","H4008","H4009","H4010","H4013","H4014","H4015","H4016","H4017","H4018","H4019","H4020","H4022","H4023","H4024","H4028","H4031","H4035","H4038","H4039","H4043","H4044","H4045","M2008","M2014","M2025","M2026","M2027","M2028","M2034","M2039","M2041","M2042","M2047","M2060","M2061","M2068","M2072","M2084","P6005","P6009","P6012","P6013","P6017","P6018","P6028"
"C10orf111",0,1,2,1,2,3,5,4,4,2,3,4,8,3,10,3,3,2,8,2,8,3,4,3,2,4,4,5,0,4,0,6,3,8,5,1,0,1,2,3,1,6,6,1,3,1,2,0,0,6,6,1,0,3,4,6,10,10,2
"FNDC7",0,0,0,0,0,0,0,1,0,0,1,1,0,1,4,2,0,0,2,0,3,0,0,0,3,1,2,2,0,0,2,1,2,3,2,0,0,1,1,0,0,1,1,0,0,0,1,0,0,0,0,1,1,1,1,6,0,3,0
"AC110086.1",0,0,0,0,0,0,0,0,0,0,0,0,0,0,0,0,0,0,0,0,0,0,0,0,0,0,0,0,0,0,0,0,0,0,0,0,0,0,0,0,0,0,0,0,0,0,0,0,0,0,0,0,0,0,0,0,0,0,0
"ZC3HAV1",2661,3161,2846,2950,5230,3435,2911,3614,4611,2057,2456,2334,4470,4668,6747,2865,3019,2427,3481,3746,2776,3617,3255,5151,4422,4600,5288,5147,4795,3520,4182,3800,3787,4551,4983,4681,3167,2427,3636,3610,3082,5577,4337,3400,3945,3224,3813,3402,0,3435,4041,4642,3690,3268,2919,6972,4473,4549,4989
"LRRC27",237,227,198,157,298,174,143,191,219,137,155,297,271,245,320,222,124,154,318,187,161,169,175,457,256,247,298,327,200,256,177,252,231,200,328,310,214,170,146,326,152,407,465,212,213,220,167,127,0,223,194,188,257,267,203,350,374,298,269
"RP11-444K7.8",0,0,0,0,0,0,0,0,0,0,0,0,0,0,0,0,0,0,0,0,0,0,0,0,0,0,0,0,0,0,0,0,0,0,0,0,0,0,0,0,0,0,0,0,0,0,0,0,0,0,0,0,0,0,0,0,0,0,0
"RP11-386B13.1",0,0,0,0,0,0,0,0,0,0,1,0,0,0,1,0,0,0,0,0,0,0,0,0,0,0,0,0,1,0,0,0,0,0,0,0,0,0,0,0,0,0,0,0,0,0,0,0,0,0,0,0,0,0,0,0,1,0,0
"DLGAP1-AS1",160,91,64,154,182,104,135,122,106,51,141,73,288,366,278,100,100,76,245,103,97,264,128,279,293,122,192,294,293,279,137,197,110,192,195,249,120,72,83,187,65,255,348,69,166,94,66,148,0,160,134,203,208,186,69,170,195,196,361
"FBXO10",33,45,23,68,131,47,42,46,41,36,107,49,265,96,233,55,33,46,95,69,58,155,106,210,148,75,499,245,203,117,109,90,59,62,78,253,54,59,55,86,42,200,178,42,186,51,43,65,0,63,56,158,140,150,49,173,219,135,189
"SESTD1",3105,3087,2800,2316,3638,2237,2453,2614,3655,1343,2025,2492,2065,2438,3094,2107,2610,2062,1757,2278,2463,2686,1920,2635,3320,3350,3349,2718,2141,2521,3071,2768,3048,3444,5164,2723,2249,1827,2496,2799,2414,2614,2200,3077,2721,2506,2946,1432,0,2667,2857,2215,2331,2274,2177,6629,2656,3402,2138
"RP11-351I21.7",0,0,0,0,0,0,0,0,0,0,0,0,0,0,0,0,0,0,0,0,0,0,0,0,0,0,0,0,0,0,0,0,0,0,0,0,1,0,0,0,0,0,0,0,0,0,0,0,0,0,0,0,0,0,0,0,0,0,0
"RP11-169E6.4",0,0,0,0,0,0,0,0,0,0,0,0,1,0,0,0,0,1,0,0,0,0,0,0,0,2,1,0,0,0,0,0,0,0,0,0,0,0,0,0,0,0,0,0,0,0,0,0,0,0,0,0,0,0,0,0,0,0,0
"C8orf17",0,0,0,0,1,0,0,1,0,0,0,0,0,0,1,0,0,1,0,0,0,0,1,0,1,1,1,0,0,0,0,0,0,0,0,0,0,0,0,0,1,0,0,0,0,0,1,0,0,0,0,0,1,0,0,1,0,0,0
"YBEY",284,552,728,662,474,202,665,391,480,307,298,341,386,385,581,472,427,623,310,231,251,136,333,1215,660,953,943,823,229,322,560,635,886,588,548,318,799,359,563,604,331,536,908,296,649,509,561,347,0,203,398,412,260,645,536,1009,371,612,252
"RP11-411B10.8",0,0,0,0,0,0,0,0,0,0,0,0,0,0,0,0,0,0,0,0,0,0,0,0,0,0,0,0,0,0,0,0,1,0,1,1,1,0,0,0,0,0,0,0,0,0,0,0,0,0,0,0,0,0,0,0,0,0,0
"CCDC94",543,435,412,479,595,516,441,446,485,332,438,345,782,673,756,410,541,447,534,400,306,420,459,968,808,726,857,816,458,624,618,582,611,678,703,577,574,396,358,990,330,797,875,475,475,323,469,506,0,440,534,526,536,812,430,743,586,423,610
"RP4-782G3.1",0,0,0,0,0,0,0,0,0,0,2,0,1,0,1,0,0,0,0,0,1,0,1,0,0,1,1,0,0,1,1,0,0,0,0,0,0,0,0,0,0,0,1,1,0,0,0,0,0,0,0,0,0,0,0,0,0,0,1
"RPS17L",1,1,0,1,1,3,3,4,3,3,2,4,5,6,5,2,3,1,2,3,4,2,4,5,4,3,12,13,3,4,3,3,10,3,6,2,4,0,2,4,4,3,5,3,3,5,4,2,0,0,3,4,9,7,4,7,10,4,6
"C1QTNF6",65,161,107,158,321,115,232,169,157,76,178,137,477,575,398,236,81,144,431,211,218,546,296,269,280,141,204,514,1432,255,226,510,171,218,232,278,84,151,208,195,193,714,489,145,268,137,113,231,0,402,126,253,682,308,145,387,347,331,899
"LDOC1",14,31,63,62,126,35,45,33,33,26,59,25,140,88,128,23,28,45,82,59,36,79,70,105,60,35,60,226,140,78,56,73,56,47,52,96,26,49,32,102,27,190,134,34,64,51,68,62,0,56,38,86,87,118,43,130,99,90,237
"AL133153.1",0,0,0,0,0,0,0,0,0,0,0,0,0,0,0,0,0,0,0,0,0,0,0,0,0,0,0,0,0,0,0,0,0,0,0,0,0,0,0,0,0,0,0,0,0,0,0,0,0,0,0,0,0,0,0,0,0,0,0
"RP11-390B4.3",0,0,0,0,0,1,0,0,1,1,1,0,0,0,0,0,2,1,0,0,2,0,0,0,0,1,0,0,0,0,0,1,0,0,1,0,0,0,0,0,0,0,0,0,0,0,0,0,0,0,0,0,0,2,0,0,0,0,0
"AC073072.5",3,0,0,5,10,0,0,0,0,7,3,0,38,55,56,3,0,1,10,1,3,22,8,56,26,12,45,18,31,34,12,8,1,3,2,28,0,1,2,2,0,17,6,0,18,0,1,3,0,10,1,39,7,19,0,32,23,11,29
"RPL29P2",2,3,1,1,1,2,1,4,3,0,9,3,0,4,3,2,0,5,4,3,1,2,5,3,8,2,5,2,2,4,6,1,4,8,1,2,1,2,3,0,1,4,4,3,1,0,1,5,0,0,1,5,2,2,3,2,5,2,3
"FFAR1",1,8,7,2,1,7,8,9,3,3,7,1,10,4,5,4,2,4,2,7,4,0,1,9,3,4,8,6,1,3,5,5,3,6,9,5,7,10,1,7,1,4,7,6,4,1,3,1,0,4,6,9,3,0,2,2,5,4,1
"CYLC1",0,0,0,0,0,0,0,0,0,0,0,0,0,0,0,0,0,0,0,0,0,0,0,0,0,0,0,0,1,0,0,0,0,1,0,0,0,0,0,0,0,0,0,0,0,0,0,1,0,0,0,0,0,0,0,0,0,0,0
"AC002395.1",0,0,0,0,0,0,0,0,0,0,0,0,0,0,0,0,0,0,0,0,0,0,0,0,0,0,0,0,0,0,0,0,0,0,0,0,0,0,0,0,0,0,0,0,0,0,0,0,0,0,0,0,0,0,0,0,0,0,0
"RP11-391M1.4",55,99,68,71,110,46,54,72,62,37,67,37,103,67,118,38,39,30,52,51,67,55,58,75,47,91,94,115,77,54,78,65,82,74,72,83,85,50,53,51,68,113,150,59,94,66,73,77,0,45,75,88,68,79,26,182,97,98,91
"ASIC2",28,17,33,32,28,15,37,25,23,21,16,32,16,24,34,15,30,24,28,31,14,44,28,16,26,31,5,19,5,71,25,43,43,31,19,17,34,12,13,46,58,28,25,31,10,35,22,13,0,61,36,7,51,27,17,32,19,22,14
"AC016885.1",0,0,0,0,2,1,0,0,0,0,0,0,0,1,1,1,0,3,0,0,0,1,0,0,0,0,0,0,0,0,0,1,0,2,0,0,0,0,2,2,0,3,0,0,0,1,1,0,0,1,0,0,1,0,0,0,0,0,0
"RN7SL63P",0,0,0,0,0,0,0,0,0,0,0,0,0,0,0,0,0,1,0,0,0,0,0,0,0,0,0,0,0,0,0,0,0,0,0,0,0,0,0,0,0,0,0,0,0,0,0,0,0,0,0,0,0,0,0,0,1,0,0
"TERF2IP",1113,1707,1600,1967,2893,1821,1678,1900,1961,1276,1810,1413,3206,2380,3388,1252,1353,1199,1863,1758,1373,2085,1693,3868,2439,2507,5301,4182,3046,2392,2728,2206,2019,2139,2377,4000,1623,1169,1724,2702,1503,3770,3392,1621,2623,1451,1829,1512,0,1622,1895,3190,2060,3046,1536,3837,3076,2660,3823
"LAMC2",10935,2581,3092,4618,3869,3791,2763,2471,4095,1937,1694,7178,2384,8309,3546,3153,3900,4070,1658,2233,2581,10111,3996,3911,4950,5125,5307,4655,122,9769,5458,5014,2838,1989,5179,4163,2423,1804,3646,3468,1601,5311,3355,4719,3077,1690,4214,2601,0,3369,2705,3618,4670,6156,2936,8135,2313,4926,6259
"RN7SKP217",0,0,0,0,0,0,0,0,0,0,0,0,0,0,0,0,0,0,0,0,0,1,0,0,0,0,0,0,0,0,0,0,0,0,0,1,0,0,0,0,0,0,0,0,0,0,0,0,0,0,0,0,0,0,1,0,0,0,0
"CTD-2616J11.16",0,1,0,0,0,0,2,0,0,0,1,0,2,4,1,3,0,0,1,1,0,1,0,3,0,2,1,1,1,0,1,0,0,0,0,4,0,0,0,0,0,3,2,1,0,0,1,0,0,0,1,0,0,0,0,0,2,3,3
"IGHD2-8",0,0,0,1,0,0,0,0,0,0,0,0,2,0,3,0,0,0,1,1,0,6,2,1,2,1,7,2,9,0,1,3,0,0,0,1,0,0,0,1,0,4,0,1,1,0,0,0,0,1,1,1,10,1,0,0,1,0,1
"CENPN",440,452,305,404,586,273,352,393,333,366,205,206,451,907,521,273,284,239,706,302,274,482,294,511,737,453,1172,473,364,833,259,585,419,593,654,692,366,200,200,805,203,434,312,256,309,228,300,392,0,637,353,417,612,528,224,642,301,339,542
"ZSCAN10",0,1,1,1,0,0,3,1,0,1,0,0,0,0,2,0,0,0,1,0,0,0,1,1,0,0,0,0,1,1,0,0,1,2,2,0,1,1,0,0,1,1,1,0,2,2,1,0,0,0,0,0,0,0,0,2,0,3,1
"RNU6-166P",0,0,0,0,0,0,0,0,0,0,0,0,0,0,0,0,0,0,0,0,0,0,0,0,0,0,0,0,0,0,0,0,0,0,0,0,0,0,0,0,0,0,0,0,0,0,0,0,0,0,0,0,0,0,0,0,0,0,0
"RP11-84D1.1",15,12,5,6,10,5,7,3,11,8,6,10,17,6,20,9,5,3,12,13,5,10,11,18,12,6,7,13,24,3,10,9,7,13,13,9,3,6,8,15,8,21,22,4,11,4,1,3,0,2,9,9,7,12,5,10,12,8,15
"RN7SL40P",0,0,1,1,0,0,1,0,0,0,2,0,0,0,0,2,2,1,0,0,3,0,0,0,0,0,0,0,0,1,1,1,0,0,0,0,0,1,0,3,0,0,1,0,0,4,0,0,0,0,0,0,0,2,0,0,0,1,0
"GDPD1",152,785,643,501,664,380,727,731,704,384,407,252,395,217,744,753,877,623,196,611,462,164,328,688,453,545,439,608,88,265,634,458,962,624,454,509,739,361,601,621,550,415,414,667,494,675,645,343,0,309,576,554,203,510,737,1301,686,939,146
"AC010761.13",0,0,0,0,0,0,0,0,0,0,0,0,0,0,0,0,0,0,0,0,0,0,0,0,0,0,0,0,1,0,1,0,0,0,0,0,0,0,0,0,0,0,0,0,0,0,1,0,0,0,0,0,0,0,0,0,0,0,0
"VWA1",313,245,182,287,390,255,222,283,338,184,290,217,911,1350,616,261,127,150,1297,322,185,261,438,545,903,271,494,862,1444,710,418,1036,327,558,496,618,249,247,123,685,157,974,860,185,222,169,191,457,0,892,420,432,1005,1044,201,358,421,127,1523
"SNORD96B",0,0,0,0,0,0,0,0,0,0,0,0,0,0,0,0,0,0,0,0,0,0,0,0,0,1,0,1,0,0,0,0,0,0,0,0,0,0,0,0,0,0,0,0,0,0,0,0,0,0,0,0,0,2,0,0,0,0,0
"AC106875.1",0,1,0,1,0,0,0,0,0,0,0,0,0,0,0,0,0,0,0,0,0,0,0,0,0,0,0,0,1,0,0,0,0,0,0,1,0,0,0,0,0,0,0,0,0,0,0,0,0,0,0,0,0,0,0,0,0,0,1
"RPL17P22",1,1,0,2,5,4,1,1,1,2,5,8,1,3,6,0,3,4,3,0,2,1,2,3,3,2,4,2,2,8,3,3,6,6,1,3,4,3,2,2,1,4,3,3,2,1,4,0,0,2,2,4,6,5,3,4,6,5,9
"TRAV7",0,1,0,0,0,0,0,0,0,0,1,1,0,1,0,0,0,0,0,0,0,1,1,2,0,0,0,0,0,0,0,0,0,0,0,0,0,0,0,0,0,1,0,0,1,0,0,0,0,0,0,1,0,0,1,0,0,0,1
"AC004448.2",0,0,3,1,0,1,2,0,0,0,0,1,2,0,1,0,0,0,1,0,2,4,0,0,0,0,0,0,0,0,0,0,0,1,0,2,0,1,0,1,0,0,2,0,1,1,0,0,0,2,0,0,0,0,2,0,0,0,3
"ZNF706",2773,2749,2583,3091,3487,2809,3132,3297,3132,1572,2663,3084,2827,3054,4203,2082,2577,2487,2136,2473,2567,2332,2726,4600,3876,5069,4189,3998,2226,2840,3769,3010,3614,3891,3825,3498,3141,1944,2369,3893,1863,3374,3404,3067,2409,2277,3188,2746,1,2198,3093,2723,2216,4230,2748,4861,3481,2952,2590
"RNU4-70P",0,0,0,0,0,0,0,0,0,0,0,0,0,0,0,0,0,0,0,0,0,0,0,0,0,0,0,0,0,0,0,0,0,0,0,0,0,0,0,0,0,0,0,0,0,0,0,0,0,0,0,0,0,0,0,0,0,0,0
"AD000092.3",55,57,59,96,104,49,95,65,63,128,496,219,97,142,157,36,55,44,72,49,43,106,67,142,118,113,152,149,103,160,92,103,91,104,109,107,59,59,55,101,47,109,134,45,90,54,78,66,0,58,68,111,65,85,47,102,130,108,138
"NDUFA5P1",0,0,0,0,0,0,0,0,0,0,0,0,0,0,0,0,0,0,0,0,0,0,0,0,1,0,0,0,0,0,1,0,0,0,0,0,0,0,0,0,0,0,0,0,0,0,1,0,0,0,0,0,0,0,0,0,0,0,0
"AC009107.1",0,0,0,0,0,0,0,0,0,0,0,0,0,0,0,0,0,0,0,0,0,0,0,0,0,0,0,0,0,0,0,0,0,0,0,0,0,0,0,0,0,0,0,0,0,0,0,0,0,0,0,0,0,0,0,0,0,0,0
"C2orf74",0,0,0,0,0,0,0,0,0,0,0,0,0,0,0,0,0,0,0,0,0,0,0,0,0,0,0,0,0,0,0,0,0,0,0,0,0,0,0,0,0,0,0,0,0,0,0,0,0,0,0,0,0,0,0,0,0,0,0
"RN7SL26P",0,0,0,0,0,0,0,0,0,0,0,0,0,0,0,0,0,0,0,0,0,0,0,0,0,0,0,0,0,0,0,0,0,0,0,0,0,0,0,0,0,0,0,0,0,0,0,0,0,0,0,0,0,0,0,0,0,0,0
"RNU6-931P",0,0,0,0,0,0,0,0,0,0,0,0,0,0,0,0,0,0,0,0,0,0,0,0,0,0,0,0,0,0,0,0,0,0,0,0,0,0,0,1,0,0,0,0,0,0,0,0,0,0,0,0,0,0,0,0,0,0,0
"KBTBD3",131,320,267,295,377,224,385,381,290,173,252,141,368,297,474,279,349,228,212,323,277,223,243,506,369,370,358,433,175,282,390,359,475,450,393,386,344,200,311,350,285,401,363,292,341,285,283,321,0,219,247,321,242,399,226,529,452,378,289
"SDHCP1",0,0,1,0,1,0,0,0,0,0,0,0,0,0,0,0,0,0,0,0,0,0,0,0,0,0,1,0,0,0,0,0,0,0,0,0,1,0,1,1,0,0,0,0,0,0,0,0,0,0,1,0,0,0,0,0,0,0,0
"DPRXP2",0,0,0,1,3,0,1,1,0,0,0,0,0,1,1,3,0,0,0,0,0,2,1,0,1,1,0,0,3,0,0,0,0,0,3,0,2,0,0,0,0,0,4,0,0,0,1,1,0,0,1,0,1,0,0,5,0,0,1
"TRDJ2",0,2,0,2,0,0,1,1,4,1,1,1,3,0,2,2,0,0,4,2,0,6,1,4,0,5,0,5,0,0,0,1,0,5,2,3,0,3,0,0,3,1,0,1,0,2,1,0,0,0,0,0,0,0,0,0,2,4,2
"ARMCX4",82,361,329,439,448,296,502,466,326,156,345,245,626,290,592,356,304,146,334,444,572,435,588,323,329,395,360,453,431,249,399,428,504,463,309,504,309,438,423,208,353,719,525,280,291,402,366,364,0,276,338,420,369,314,309,1005,607,670,504
"MPPED2",2,5,11,4,39,11,7,12,12,2,17,5,20,16,35,8,3,5,17,16,7,23,11,16,4,5,15,45,42,6,8,11,9,27,9,12,4,2,7,8,10,32,15,5,15,22,7,24,0,10,13,14,20,14,12,27,28,19,20
"AP001178.1",0,0,0,0,0,0,0,0,0,0,0,0,0,0,0,0,0,0,0,0,0,0,0,0,0,0,0,0,0,0,0,0,0,0,0,0,0,0,0,0,0,0,0,0,0,0,0,0,0,0,0,0,0,0,0,0,0,0,0
"LINC00498",1,0,0,0,0,0,0,0,0,0,0,0,0,0,0,0,0,0,0,0,0,0,0,0,0,0,0,0,0,0,0,0,0,0,0,0,0,0,0,0,0,0,0,0,0,0,0,0,0,0,0,0,0,0,0,0,2,0,0
"RP11-508N12.4",0,0,0,0,0,0,0,0,0,0,0,0,0,0,0,0,0,0,0,0,0,0,0,0,0,0,0,0,0,0,0,0,0,0,0,0,0,0,0,0,0,0,0,0,0,0,0,0,0,0,0,0,0,0,0,0,0,0,0
"RP11-351I21.11",0,1,1,0,2,2,0,0,1,3,2,0,4,5,7,2,0,1,3,4,6,0,0,1,4,0,0,10,0,1,0,1,2,0,1,1,0,1,1,0,2,6,4,0,1,0,0,1,0,3,3,0,0,5,1,0,0,4,0
"OR11M1P",0,0,0,0,0,0,0,0,0,0,0,0,0,0,0,0,0,0,0,0,0,0,0,0,0,0,0,0,0,0,0,0,0,0,0,0,0,0,0,0,0,0,0,0,0,0,0,0,0,0,0,0,0,0,1,0,0,0,0
"OR13A1",2,3,0,4,6,3,2,0,0,0,10,3,21,4,15,2,0,2,6,2,4,7,9,23,8,2,23,16,8,3,13,1,3,3,5,38,0,3,2,3,2,23,13,3,6,3,2,6,0,2,0,9,2,6,1,2,6,17,14
"ITFG1",4150,4368,3634,4312,5237,3543,4447,3835,4562,2194,3268,3469,2661,4432,4783,3101,3847,3210,3080,3419,3292,2856,2599,4448,5893,5433,4701,3947,2655,3492,4828,4510,5234,5191,5260,3880,3909,2329,3679,5241,3061,3691,3667,4084,3431,3359,4865,4168,0,3746,4691,3534,3914,4836,3512,8406,3377,4292,2925
"C1orf216",145,196,119,209,332,169,155,200,175,107,223,190,560,467,411,89,61,95,441,224,167,528,274,365,320,138,518,591,631,316,265,362,232,256,361,524,121,159,161,380,196,627,420,129,315,143,149,228,0,286,213,390,501,381,133,475,372,378,709
"RNU6-408P",0,0,0,0,0,0,0,0,0,0,0,0,1,0,0,0,0,0,0,0,0,0,0,0,0,0,0,0,0,0,0,0,0,0,0,0,0,0,0,0,0,0,0,0,0,0,0,0,0,0,0,0,1,0,0,0,0,0,0
"MLANA",0,2,0,1,4,0,1,3,0,0,1,0,0,0,0,2,0,0,1,0,0,0,0,0,0,2,0,0,0,0,0,0,0,1,1,0,0,2,1,0,1,0,0,0,0,0,1,0,0,1,1,2,0,0,0,2,0,0,1
"RP11-31F15.1",10,25,22,21,41,17,28,21,15,14,19,12,80,50,56,11,15,13,47,29,8,40,54,26,48,20,64,61,62,53,10,23,37,24,33,55,20,18,13,31,10,59,45,15,31,12,11,26,0,20,7,32,41,30,7,45,38,40,62
"RP11-102L12.2",0,4,1,4,3,2,9,7,1,7,1,1,7,3,9,3,2,2,5,2,3,4,4,10,5,7,6,5,17,2,5,1,1,3,7,9,2,0,2,3,7,7,2,2,3,5,11,7,0,3,4,2,4,3,5,4,9,7,9
"RP1-315G1.1",0,0,0,0,0,0,0,0,0,0,0,0,0,0,0,0,0,0,0,0,0,0,0,0,0,0,0,0,0,0,0,0,0,0,0,0,0,0,0,0,0,0,0,0,0,0,0,0,0,0,0,0,0,0,0,0,0,0,0
"RP11-588P8.1",0,1,0,0,0,0,0,0,0,0,0,0,0,0,0,0,0,0,0,0,0,0,0,0,0,0,0,0,0,0,0,0,0,0,0,0,0,0,0,0,0,0,0,0,0,0,0,0,0,0,0,0,0,0,0,0,0,0,0
"RP5-1101C3.1",0,0,0,0,0,0,0,0,0,0,0,0,0,0,1,0,0,0,0,0,0,0,0,0,0,0,0,0,0,0,0,0,0,0,0,0,0,0,0,1,0,0,0,0,0,0,0,0,0,0,0,0,0,0,0,0,0,0,0
"SMYD2",770,1034,1000,932,1296,654,1053,1066,918,495,1081,815,1240,1043,1420,744,922,912,1055,883,858,963,854,1247,1276,1202,1337,1431,807,1057,1024,1068,1230,1208,1155,1128,1087,757,912,1075,796,1345,1343,984,805,776,1034,862,0,948,1000,851,920,1626,731,2006,1237,1183,1173
"SGOL1-AS1",1,10,7,12,10,12,11,16,8,2,8,1,11,5,17,8,6,5,7,9,11,6,13,15,2,7,14,14,7,0,7,14,17,19,13,13,11,5,16,15,4,13,11,16,10,9,9,8,0,6,10,8,5,10,4,26,11,10,4
"OR51A9P",0,0,0,0,0,0,0,0,0,0,1,0,0,0,0,0,1,0,0,0,0,0,0,0,0,0,0,1,0,1,0,0,0,0,0,0,0,0,0,0,0,0,0,0,0,0,0,0,0,0,1,0,0,0,0,0,0,0,0
"MAFF",1499,421,193,597,286,474,287,309,1181,170,200,312,288,904,405,246,247,134,580,169,99,1645,144,202,447,351,351,300,1533,420,321,300,247,334,500,337,338,277,212,483,170,486,468,316,279,192,130,290,0,443,457,360,467,641,162,512,219,313,1089
"IGLV3-27",5,73,46,483,121,327,127,55,93,844,406,16,423,545,369,17,8,37,165,124,207,3840,291,410,548,84,30,644,660,127,447,417,54,439,303,808,41,167,119,133,225,407,460,151,120,93,52,222,0,247,269,339,1584,2039,650,463,303,116,370
"AC024896.1",0,1,0,0,5,0,0,1,1,2,1,0,1,2,4,0,0,0,2,2,0,0,2,0,0,1,0,2,2,0,2,0,0,1,0,1,1,0,1,2,1,1,1,1,0,2,1,0,0,2,0,1,0,0,1,1,4,1,1
"EIF1AX-AS1",0,0,0,0,0,0,0,0,0,0,0,0,0,0,1,0,0,0,0,0,0,0,0,0,0,0,0,0,0,0,0,0,0,0,0,0,0,0,0,0,0,0,0,0,0,0,0,0,0,0,0,0,0,0,1,0,0,0,0
"RP11-72K17.2",0,0,0,0,0,0,0,1,0,0,0,0,1,1,0,0,0,0,1,0,0,0,0,0,0,0,0,0,0,0,1,0,2,1,0,0,0,0,0,0,0,0,1,0,0,2,2,0,0,0,0,0,0,2,0,2,0,0,0
"RP11-427P5.2",0,0,1,0,0,0,0,0,0,0,0,0,0,0,0,0,0,0,0,0,0,0,0,0,0,0,0,0,0,0,0,0,0,0,0,0,0,0,0,0,0,0,0,0,0,0,0,0,0,0,0,0,0,0,0,0,0,0,0
"MIR5684",0,0,0,0,0,0,0,0,0,0,0,0,0,0,0,0,0,0,0,0,0,0,0,0,0,0,0,0,0,0,0,0,0,0,0,0,0,0,0,0,0,0,0,0,0,0,0,0,0,2,0,0,0,0,1,0,0,0,0
"RP11-1055B8.2",0,1,2,0,1,1,2,1,0,1,0,0,0,1,1,1,0,0,0,0,0,1,0,0,2,0,0,0,1,3,1,0,0,1,0,0,0,0,0,0,0,0,0,0,0,0,1,1,0,4,0,3,0,2,0,0,0,0,0
"ZMYND11",2299,3644,3242,3222,5612,2662,3335,3760,3925,2038,2878,2490,3770,3528,5167,2418,3263,2668,2836,3277,3075,3524,2827,4279,4075,4027,3499,4555,3072,3445,3361,3791,3940,4509,4195,4290,3145,2401,3239,3740,3219,4131,3493,3281,3670,3180,3865,2984,0,3064,3467,3715,4000,4420,2636,8360,3986,5166,3999
"PEX11B",1222,1366,1127,1505,1877,1147,1424,1429,1367,913,1197,932,1869,1700,2057,1241,1529,1310,1309,1428,1255,1337,1243,2096,2095,1886,2217,1862,1001,1734,1642,1625,1749,1930,2086,1808,1604,926,1243,1786,1017,1860,2164,1322,1521,1084,1405,1473,0,1367,1568,1567,1462,2369,1194,2850,1669,1677,1457
"PRKG1",117,918,719,785,887,739,821,986,788,368,433,437,633,640,743,613,483,322,543,882,657,752,765,540,680,725,390,561,718,297,659,918,711,1026,714,674,730,536,602,687,816,867,420,655,450,781,1007,778,0,624,925,539,1190,489,587,1642,673,915,685
"RP11-307C19.3",0,0,0,0,0,1,0,0,0,0,0,1,1,0,0,0,0,0,1,0,0,0,1,2,0,0,0,1,0,0,0,1,1,0,0,0,0,0,0,0,0,1,2,0,0,1,0,1,0,0,0,0,0,1,1,1,0,1,1
"HMGN2P16",0,0,0,0,0,0,0,0,0,0,0,0,0,1,0,0,0,0,0,0,0,0,0,0,0,0,0,0,0,0,0,0,0,0,0,0,0,0,0,0,0,0,0,0,0,0,0,0,0,0,0,0,0,0,0,0,0,0,0
"AC020594.5",1,2,2,2,2,4,7,3,0,1,2,3,7,4,9,3,0,1,4,7,4,7,3,4,3,1,0,8,8,6,0,4,5,1,7,9,4,3,6,7,0,12,16,2,3,11,2,3,0,3,4,5,2,4,2,18,10,5,9
"IL6R",2053,2613,3100,3688,5101,3814,4061,5228,4211,1609,2354,2129,4494,3463,6090,2892,3203,3358,2603,3684,2874,3561,3979,3013,3670,6548,3358,3940,6339,2840,4108,3422,4658,5159,4006,4785,3388,2744,4123,4058,2742,4412,3400,3780,4358,2973,3818,3367,0,2939,4257,3432,2085,3736,4225,6673,3525,4756,4070
"LINC00838",0,0,0,0,0,0,0,1,0,0,0,0,0,0,0,0,0,0,0,0,0,0,0,0,0,0,0,0,0,0,0,0,0,0,0,0,0,0,0,0,0,2,0,0,0,0,0,0,0,1,0,0,0,0,0,0,0,3,0
"AC002979.1",0,0,0,0,0,0,0,0,0,0,0,0,0,1,0,0,0,0,0,0,0,0,0,1,0,0,0,0,0,0,0,0,0,0,0,0,0,0,0,0,0,0,0,0,0,1,0,0,0,0,0,0,0,0,0,0,0,0,0
"FAM196A",1,27,13,6,40,18,33,18,16,4,28,9,24,10,30,10,7,4,17,12,37,17,44,7,12,11,16,32,0,4,8,24,16,20,15,22,6,4,8,4,28,5,7,14,7,22,8,6,0,22,21,4,14,12,12,85,15,26,8
"C14orf183",1,2,2,0,2,3,3,7,1,2,4,1,6,3,8,6,4,2,3,1,4,5,6,6,0,7,0,3,3,4,1,2,3,0,1,2,5,0,6,2,5,3,0,8,2,3,1,3,0,6,1,0,2,1,6,13,3,3,1
"KIAA1024",9,28,21,33,42,14,19,19,20,10,20,17,58,55,51,10,12,10,54,35,27,68,31,34,27,24,48,18,97,26,13,39,26,22,26,65,18,13,22,28,29,41,32,22,27,17,18,18,0,39,14,24,63,20,11,18,51,19,59
"RP11-445P17.3",2,0,0,1,0,0,0,0,0,0,0,2,2,0,1,1,0,0,2,0,0,1,0,0,0,0,0,0,1,0,0,1,0,0,0,1,0,2,0,0,0,0,0,0,0,3,0,0,0,2,0,0,2,0,0,0,0,2,2
"AC079741.2",0,0,0,0,0,0,1,1,0,1,0,0,0,1,0,0,0,0,0,0,0,0,0,0,0,0,0,0,0,0,1,0,0,0,0,0,1,0,0,0,0,0,0,0,0,0,0,2,0,2,0,0,0,0,0,0,1,0,0
"MARVELD2",1943,3118,2352,2331,3096,2507,2852,2730,2528,1290,1548,1416,1252,1735,2536,2534,2738,2235,1172,2099,2018,1490,1838,2705,2652,3719,2070,1746,53,2144,2788,2159,3016,3088,2968,1862,3020,1712,2531,2309,2104,1392,1720,2933,1738,2227,2890,2174,1,1801,2813,1849,1366,2289,2552,4822,2059,2538,469
"AC096553.5",0,1,0,0,0,0,0,0,0,0,0,0,0,0,0,0,0,0,0,0,0,0,0,1,0,0,0,0,1,0,0,0,0,0,0,0,0,0,0,0,0,0,0,0,0,0,0,0,0,0,0,0,0,0,0,0,0,0,0
"CTD-2368P22.1",5,57,84,76,159,60,94,52,33,32,51,39,231,59,268,94,55,88,128,101,90,110,169,178,73,87,144,203,163,78,94,90,78,68,105,162,71,76,66,96,120,287,168,62,84,62,63,86,0,86,44,158,54,80,63,259,218,193,244
"TOP1P1",0,0,2,0,1,0,0,0,0,0,0,0,0,0,1,0,0,0,0,0,1,0,0,0,1,0,0,0,0,0,0,0,0,0,0,1,0,0,0,0,0,0,0,0,0,0,0,0,0,0,0,0,0,0,0,0,0,0,0
"OSTC",7616,4883,4078,4269,6184,3593,4234,4169,4576,2711,3430,3101,3597,6818,5414,2913,3968,3263,5227,3289,3549,4905,2807,4612,6382,5846,5083,4855,4400,6409,4391,5817,5322,6012,6778,4625,5283,2803,3301,8028,3473,4626,4554,3990,3638,3455,4498,3585,0,5255,5006,3936,5020,6184,3341,8061,4348,4880,4489
"TMEM105",6,44,36,45,27,24,38,27,38,15,21,23,14,40,33,28,31,47,37,29,30,9,43,37,61,20,57,36,0,38,49,39,50,75,18,28,38,38,70,26,40,23,52,41,46,49,34,9,0,34,36,6,26,71,22,115,28,21,9
"AF131217.1",15,60,82,39,75,38,44,48,114,13,51,137,61,42,62,18,14,21,38,70,45,75,52,27,38,16,21,86,52,24,48,65,47,75,71,39,34,74,53,68,75,100,47,45,47,50,106,72,0,81,50,46,67,36,68,135,77,83,40
"AC106900.6",0,2,2,1,0,2,3,1,1,0,1,1,2,0,1,1,1,0,0,3,0,0,1,0,2,1,1,0,0,1,1,1,2,0,0,0,1,0,1,0,1,1,1,0,1,0,0,0,0,0,2,0,2,0,1,0,0,0,1
"ZNF385D-AS2",0,0,0,0,0,0,0,0,0,0,0,0,0,0,0,0,0,0,0,0,0,0,0,0,0,0,0,0,0,0,0,1,0,0,0,0,0,0,0,0,0,0,0,0,0,0,0,0,0,0,0,1,0,0,0,0,0,0,0
"MCIDAS",5,5,0,4,0,3,6,1,1,1,4,0,0,7,0,0,0,0,3,0,0,0,0,3,5,3,1,2,0,0,1,0,0,0,0,0,0,0,0,0,0,4,0,0,1,0,1,11,0,1,0,1,2,5,1,0,1,0,2
"ANXA7",4928,4077,3412,4484,6917,3559,3572,3839,4939,2643,3785,3212,5762,6411,6810,3212,4300,3647,5389,3902,3500,5106,3947,6233,6242,6199,7162,6231,5331,5550,4360,5365,4561,5278,6142,6140,4462,3122,3415,6354,3010,6495,5583,3741,4675,2954,4158,5287,0,4051,4098,6101,5474,7431,3086,9204,5111,5403,6506
"B4GALNT1",3,13,15,47,197,21,13,25,14,29,71,21,252,71,122,19,1,17,62,65,63,100,91,132,57,32,123,253,72,64,90,44,23,17,35,221,11,32,36,21,25,221,182,16,115,37,14,53,0,40,27,174,33,111,17,83,117,192,130
"RP11-274H2.3",1,15,7,4,5,8,7,8,11,3,2,1,6,1,11,8,26,6,2,7,4,7,2,10,10,10,5,1,4,1,10,0,9,4,7,4,7,1,11,2,11,0,1,10,8,21,8,8,0,7,14,5,3,3,9,31,4,10,2
"CD8A",380,1243,784,448,1190,995,285,1301,1724,842,1101,1645,2296,1111,2456,969,931,847,514,1836,1040,1357,1311,2991,330,783,1256,2513,985,606,1978,1209,3311,1437,2464,1785,1378,868,1332,2856,1274,2326,1854,948,591,974,735,256,0,588,1778,1493,210,1543,1370,1489,2476,1622,2186
"RP11-5K16.3",0,0,0,0,0,0,0,0,0,0,0,0,0,0,0,0,0,0,0,0,0,0,0,0,0,0,0,0,0,0,0,0,0,0,0,0,0,0,0,0,0,0,0,0,0,0,0,0,0,0,0,0,0,0,0,0,0,0,0
"AC000110.1",4,6,5,3,5,10,6,6,4,8,19,7,0,6,5,4,8,3,3,3,4,2,3,5,8,9,4,2,1,8,1,8,1,2,6,4,1,0,4,2,2,1,1,2,1,4,4,8,0,5,6,0,6,2,1,8,4,3,0
"RPL7P40",0,0,0,0,0,0,0,1,0,0,0,0,0,0,0,0,0,0,0,0,0,0,1,1,1,0,0,0,1,0,0,0,0,0,0,0,0,0,0,0,0,1,0,0,0,0,0,0,0,0,0,0,0,0,1,3,0,0,0
"RP11-723G8.2",0,0,0,0,0,0,0,0,0,0,0,0,0,0,0,0,0,0,0,0,0,0,0,0,0,0,1,2,0,0,0,0,0,1,0,0,0,0,0,0,0,0,0,0,0,0,0,0,0,0,0,0,0,0,0,0,0,0,0
"AC019221.4",0,1,0,2,4,1,2,5,4,0,0,1,5,3,5,0,0,2,0,0,2,0,2,5,1,1,5,2,1,1,0,1,4,1,2,1,0,2,1,1,0,0,0,5,2,3,4,0,0,1,3,1,0,1,4,3,1,2,1
"CTD-2377D24.8",165,109,100,84,286,81,108,140,97,122,59,99,224,238,203,94,116,70,167,125,169,300,160,218,369,200,261,187,0,282,85,159,123,81,159,150,112,66,124,116,61,208,212,72,173,112,171,403,0,207,144,163,290,195,53,330,151,197,113
"C16orf82",0,0,0,0,0,0,1,0,0,0,1,0,0,0,0,0,0,1,0,0,0,0,0,0,1,0,1,0,0,0,0,1,0,0,1,1,0,0,0,0,0,0,0,2,0,0,0,0,0,0,0,0,2,0,1,0,1,1,2
"RP11-85F14.1",0,0,0,1,1,0,0,1,0,0,0,0,0,0,0,0,0,0,0,0,0,0,0,0,0,1,1,0,0,0,0,1,0,0,0,1,0,0,0,0,0,0,0,0,0,0,0,0,0,1,0,0,0,0,0,0,0,1,0
"IFIT5",1356,1208,992,1332,1643,1360,1101,1162,1619,834,806,900,1201,1908,2147,939,1222,642,1392,1130,801,1676,772,1978,1887,1734,1210,1036,2273,1415,1575,1603,1693,1750,2299,1401,1433,675,1933,2068,1000,1657,1540,1147,1400,1023,1310,733,0,1400,1423,1793,1953,1308,975,2807,1119,1988,1890
"EFCAB2",115,311,278,221,276,58,201,72,241,153,195,103,197,188,120,198,219,116,203,179,183,205,265,210,121,73,141,325,191,74,65,348,200,163,348,142,135,178,61,167,159,133,280,68,281,159,215,230,0,268,160,156,184,270,210,305,100,187,221
"SHOX2",5,6,2,0,0,5,6,2,8,2,2,6,1,0,1,4,2,1,3,3,6,2,5,0,2,2,2,5,6,4,3,0,5,5,13,6,6,2,2,10,3,0,1,1,1,2,3,2,0,4,0,2,6,3,1,6,2,4,1
"OR5BQ1P",0,0,0,0,0,0,0,0,0,0,0,0,0,0,0,0,0,0,0,0,0,0,0,0,1,0,0,0,0,0,0,0,0,0,0,0,0,0,0,0,0,0,0,0,0,0,0,0,0,0,1,0,0,0,0,0,0,0,0
"MIR3169",0,0,0,0,0,0,0,0,0,0,0,0,0,0,0,0,0,0,0,0,0,0,0,0,0,0,0,0,0,0,0,0,0,0,0,0,0,0,0,0,0,0,0,0,0,0,0,0,0,0,0,0,0,0,0,0,0,0,0
"HERPUD1",7903,6350,4755,6745,7616,7107,4733,5970,7470,3314,5224,4049,7894,9994,8216,3626,4121,3955,10370,4987,5053,10588,6218,7630,13350,9584,10096,8536,14039,7082,6985,11309,6489,9305,8852,9020,5728,3435,4309,10028,5380,9387,7049,5244,5544,3716,6024,6478,0,8147,6894,6920,14594,9733,4938,10025,6542,5907,9818
"RP3-431P23.2",0,0,0,0,0,0,0,0,0,0,0,0,0,0,0,0,0,0,0,0,0,0,1,0,0,0,0,0,0,1,1,0,0,0,0,1,0,0,2,0,0,0,0,0,0,0,1,1,0,0,0,0,2,0,0,0,0,0,0
"DFNB31",87,401,198,278,201,349,286,158,146,117,181,195,289,122,443,141,116,203,141,183,151,175,219,347,200,414,231,357,226,97,253,188,203,81,446,298,182,213,230,109,156,357,534,351,230,223,251,104,0,119,230,221,116,347,187,370,384,426,297
"XAGE2B",0,0,0,0,0,0,0,0,0,0,0,0,0,0,0,0,0,0,0,0,0,0,0,0,0,0,0,0,4,0,0,0,0,0,0,0,0,0,0,3,0,0,0,1,0,0,0,0,0,0,0,0,0,0,0,0,0,0,1
"RP11-568G20.2",1,0,1,1,2,0,0,0,0,1,2,2,0,2,2,1,1,2,1,0,0,1,2,0,0,0,0,1,1,0,0,0,0,0,0,0,0,0,0,0,0,0,0,0,2,0,0,0,0,0,1,0,2,2,0,0,1,0,0
"C22orf42",0,0,0,2,3,1,0,3,2,2,2,0,2,4,0,0,0,1,1,0,4,0,0,4,1,2,2,0,0,6,0,0,0,3,1,1,0,1,0,0,0,0,1,3,0,2,1,0,0,1,1,1,0,1,0,0,0,0,4
"CTD-2117L12.1",0,0,0,0,0,0,0,0,0,1,1,0,0,0,2,1,0,0,0,0,0,1,0,1,1,0,0,0,0,0,0,0,0,0,0,1,0,0,0,0,0,0,0,0,0,0,0,0,0,1,0,0,0,0,0,0,0,0,1
"RP11-63E9.1",0,0,0,0,0,0,1,0,0,0,0,0,0,0,0,0,1,0,0,0,0,0,0,0,0,0,1,1,0,0,0,0,0,0,0,0,0,0,0,0,0,0,0,0,0,0,0,0,0,0,0,0,0,0,0,0,0,0,0
"RNU6-384P",0,0,0,0,0,1,1,1,0,0,0,0,0,0,1,0,0,0,0,1,0,0,0,0,0,1,0,1,0,0,0,1,2,2,1,0,0,0,2,0,2,0,0,0,0,0,0,0,0,0,0,0,0,0,0,0,0,0,2
"SLC7A8",4084,4560,2644,2246,2786,2016,2268,2813,1784,1438,2032,2796,2293,2528,2911,4198,1758,1898,1608,2326,1466,1740,1991,2252,2542,3390,1770,2489,313,2343,3039,3240,2636,3397,3657,1897,3445,2006,2218,4372,2664,2924,3199,2827,2233,2466,1976,1884,0,2136,2997,2110,1999,2017,2020,3797,2446,3056,743
"CDK10",662,1425,1257,1279,1785,1266,2222,1634,1142,584,1741,1370,2530,1148,2144,1516,1274,1429,1417,1062,1672,1259,2031,1810,1150,1566,1266,1749,729,1266,1422,1151,1845,1372,1507,1703,1433,1106,1430,1134,1202,2373,3115,1512,1320,1040,1166,1292,0,960,1103,1027,785,1753,873,2293,2288,1642,1434
"RP4-717I23.2",2,5,4,4,3,1,3,5,2,1,22,11,7,3,14,3,4,4,3,4,3,3,4,5,5,6,6,5,5,7,9,4,4,5,5,5,5,0,3,3,4,5,9,3,6,1,3,5,0,5,4,5,7,8,0,4,9,3,5
"RPS29P2",0,0,0,0,0,0,0,0,0,0,0,0,0,0,0,0,0,0,0,0,0,0,0,0,0,0,0,0,1,0,0,0,0,0,0,0,0,0,0,0,0,0,0,0,0,0,0,0,0,0,0,0,0,0,0,0,0,0,0
"RPL31P58",0,0,0,0,0,0,0,1,1,0,1,0,0,0,0,0,0,0,0,0,0,0,0,0,0,1,0,0,1,0,0,0,0,0,0,0,0,0,0,0,0,0,1,0,0,0,0,0,0,0,0,1,0,1,1,0,1,0,0
"TROAP",193,198,204,237,343,193,271,193,117,200,185,155,456,395,310,272,211,244,542,198,240,291,373,360,469,258,721,387,196,652,201,401,342,349,374,490,217,133,156,514,118,273,435,182,162,196,117,201,0,452,168,277,309,299,147,387,259,217,341
"IFRD1",1438,1235,1437,1408,1966,1869,2326,1948,1536,641,1202,2444,1412,1491,2327,1615,1332,1371,1143,2128,1879,1568,1560,1791,1757,2794,1365,1959,1654,1434,1858,1771,2332,1830,2664,1729,1941,1627,1561,1555,1675,1692,1943,2200,1515,1740,1589,1762,0,1086,1800,1248,874,1938,2237,3672,2464,2752,1674
"MIR4734",0,0,0,0,0,1,0,0,0,0,0,0,1,0,0,0,0,0,0,0,0,0,0,0,0,0,0,0,0,0,0,0,0,0,0,0,0,0,0,0,0,0,0,0,0,0,0,0,0,0,0,0,1,0,0,0,0,0,0
"TRNT1",616,670,597,731,1222,609,635,653,821,377,477,356,909,986,1156,476,491,373,867,606,662,1022,594,1020,794,862,1161,1121,942,997,801,935,696,872,764,1262,550,437,479,982,614,986,860,619,784,459,589,796,0,750,690,1037,1112,709,409,1327,805,1022,1087
"SHANK2-AS1",0,0,0,0,0,1,0,0,0,0,0,0,0,0,1,0,0,0,1,0,0,0,0,0,0,0,0,0,0,0,0,0,1,1,0,0,2,0,0,0,0,0,0,0,0,0,0,1,0,0,0,0,0,0,1,0,1,0,0
"CBX1P4",1,0,0,0,0,1,1,0,0,0,1,1,5,0,0,0,1,0,0,1,0,0,1,1,1,1,0,0,0,1,0,0,0,0,0,0,0,1,0,0,1,0,0,0,0,0,0,0,0,0,0,0,1,1,1,0,0,0,2
"FNDC3A",5190,7524,6667,5663,9165,5526,6460,7414,7222,3402,4308,3945,5257,6844,7852,5692,6657,4431,5190,6036,5512,6861,4909,6544,8641,8928,5402,6129,5615,6207,6221,7991,7364,9197,8662,6159,6559,4792,5896,6849,6196,6163,4047,5556,5617,5764,6822,5524,2,6493,6381,6042,7640,5196,4736,12862,6455,8507,5136
"CREM",811,367,278,373,536,331,335,380,487,233,357,339,505,885,573,349,285,205,743,313,342,1034,336,652,623,550,810,718,1427,650,450,629,399,545,586,647,373,266,429,471,242,757,628,292,365,302,417,360,0,484,379,484,673,566,252,769,529,430,1204
"GADD45GIP1",308,270,214,269,260,223,230,270,269,172,253,136,428,477,418,197,238,282,397,181,159,240,293,528,538,449,501,475,313,472,379,372,348,346,426,427,354,185,154,645,118,457,668,184,248,175,246,346,0,309,237,298,266,525,247,331,321,143,477
"AL118509.1",0,0,0,0,0,0,0,0,0,0,0,0,0,0,0,0,0,0,0,0,0,0,1,0,0,0,0,0,0,0,0,0,0,0,0,0,0,0,0,0,0,0,0,0,0,0,0,0,0,0,0,0,0,0,0,0,0,0,0
"RP1-167G20.2",1,0,0,0,0,0,0,0,0,0,0,0,0,0,0,0,0,0,0,0,0,0,0,1,0,0,0,0,0,0,0,0,0,1,0,0,0,0,0,0,0,0,0,1,0,0,0,0,0,0,0,0,0,0,0,0,0,0,0
"AC010203.1",0,0,0,0,0,0,0,0,0,0,0,0,0,0,0,0,0,0,0,0,0,0,0,0,0,0,0,0,0,0,0,0,0,0,0,0,0,0,0,0,0,0,0,0,0,0,0,0,0,0,0,0,0,0,0,0,0,0,0
"BDKRB2",1441,922,1191,1295,1177,1603,1294,1372,1861,487,726,1386,812,1285,1552,927,1182,978,912,1123,1366,2372,1116,1298,1038,2000,999,1153,1453,761,1420,1094,1640,1549,3214,1151,1649,1391,1634,1715,1105,1123,1597,1355,1073,1013,1613,1363,1,1262,1467,1076,890,1225,1529,2264,1145,1343,1520
"TOM1L1",4381,5228,4431,4320,5934,3183,5090,4714,4644,2425,2758,4463,2390,3013,3967,3576,4705,3745,1718,3055,3235,1993,2844,4033,4665,5396,3340,2937,155,3462,3733,3623,5506,5747,4915,3314,4130,2598,4273,4268,3268,2701,3393,3849,3929,4006,4600,2534,0,3122,4163,2928,2466,4311,3581,9985,4070,4617,897
"ALG1L",23,4,9,0,5,2,5,7,6,0,11,1,14,3,16,1,1,2,8,7,2,3,4,6,10,6,11,1,1,5,2,3,0,4,2,17,4,3,2,0,0,3,0,9,15,2,0,27,0,5,2,2,7,0,1,4,5,10,8
"SPPL2A",5380,6181,4806,4260,7275,4871,4752,5331,6809,2265,3200,4411,2579,4440,5867,3543,4537,3912,3273,3772,3805,3412,3042,5522,6039,6584,5478,4539,2942,3663,4667,5347,5725,6085,6672,4516,5046,3058,4728,6291,3774,4763,3368,4332,4397,4318,5141,5528,0,4937,5709,4528,3851,3768,4296,8678,4588,5017,3327
"RNU6-410P",0,0,0,0,0,0,0,0,0,0,0,0,0,0,0,0,0,0,1,0,0,0,1,0,0,0,0,0,1,0,0,0,0,0,0,0,0,0,0,0,0,0,0,0,0,0,0,0,0,0,0,0,0,0,0,0,0,0,0
"C3orf58",321,789,720,607,1175,566,678,807,783,410,680,561,862,848,1056,440,553,352,698,755,583,818,669,766,753,852,801,1115,753,639,714,703,777,849,705,1040,662,506,625,781,596,910,680,618,748,663,614,622,0,604,650,1052,750,660,503,1681,753,1118,1038
"ATF2",1965,2274,1845,2019,3094,1811,1802,1973,2170,1492,1561,1273,2554,2532,2893,1628,1538,1197,2134,2011,1525,2421,1811,2607,2833,2498,3245,2784,2515,2697,2098,2436,2115,2999,2494,2922,1963,1264,1717,2467,1842,2628,1726,1639,2085,1775,1803,2119,0,2279,2033,2780,2705,2250,1503,4552,2372,2973,2800
"CTD-2522B17.4",0,0,0,1,1,0,0,1,0,0,0,1,0,0,0,0,0,0,0,0,0,0,0,0,1,0,0,0,1,0,0,1,0,0,0,0,0,0,0,0,1,0,0,0,0,0,0,1,0,0,0,0,0,0,0,0,0,0,0
"RHOB",914,907,695,1599,1069,1263,609,806,1210,463,752,915,941,2455,1203,481,374,393,1662,1128,894,1670,853,888,1860,485,1004,1282,3697,966,984,1242,997,1373,841,1108,706,573,379,966,463,1779,1027,825,638,544,634,1342,0,1534,1103,974,1338,1348,609,984,721,626,2306
"RP1-288L1.5",0,0,0,0,0,0,0,0,0,0,0,0,0,0,0,0,0,0,0,0,0,0,0,0,0,0,0,0,0,0,0,0,0,0,0,0,0,0,0,0,0,0,0,0,0,0,0,0,0,0,0,0,0,0,0,0,0,0,0
"RP11-796L2.1",0,0,0,0,0,0,0,0,0,0,0,0,0,0,0,0,0,0,0,0,0,0,0,0,0,0,0,0,0,0,0,0,0,0,0,0,0,0,0,0,0,0,0,0,0,0,0,0,0,0,0,0,0,0,0,0,0,0,0
"CCDC28B",31,34,29,77,168,35,52,50,36,57,87,38,378,157,253,46,39,58,137,105,58,93,119,346,158,89,576,380,240,222,132,109,54,73,105,378,63,47,38,119,40,387,319,46,167,37,45,48,0,80,99,239,114,189,43,116,219,118,294
"AC010423.1",0,0,1,0,0,1,0,0,0,0,0,0,0,4,1,0,0,0,0,0,0,2,0,0,0,0,0,0,0,0,0,2,0,0,0,0,0,1,0,1,0,1,0,0,0,0,0,0,0,1,1,1,1,1,0,0,0,0,1
"MIR4298",0,0,0,0,0,0,0,0,0,0,2,0,0,0,0,0,0,0,0,0,0,0,0,0,0,0,0,0,0,0,0,0,1,0,0,0,0,0,0,0,0,0,0,0,0,0,0,0,0,0,0,0,0,0,0,0,0,0,0
"AC019294.1",0,0,0,0,0,3,0,0,1,0,2,0,0,0,0,0,0,0,0,0,0,0,0,0,0,1,1,0,0,0,0,1,0,1,0,1,1,0,0,0,0,0,0,0,0,0,0,0,0,0,0,0,0,0,0,0,0,0,0
"RP3-433G13.1",0,0,2,0,0,0,0,0,0,0,0,0,0,0,0,0,0,0,0,0,0,0,0,0,0,0,0,0,0,0,0,0,0,0,0,0,0,0,0,0,0,0,0,0,0,0,1,0,0,0,0,0,0,0,0,0,0,0,0
"BCRP5",0,0,0,1,0,0,0,0,0,0,1,0,5,2,1,1,0,0,0,0,0,2,1,0,0,0,0,0,0,1,0,1,1,1,0,0,0,0,0,0,0,3,1,0,3,0,0,1,0,0,0,0,0,1,0,0,2,1,0
"RP11-627H22.8",0,0,1,1,3,1,0,0,2,1,1,1,1,0,1,1,0,0,0,0,0,0,0,1,1,0,0,1,0,1,2,2,1,6,1,0,0,0,0,2,0,0,0,0,0,1,1,0,0,0,2,0,0,0,1,1,1,0,0
"KRT8P32",25,28,23,42,23,21,27,31,29,23,27,43,10,21,19,11,26,21,6,11,22,15,15,21,29,33,29,25,1,33,21,20,29,23,31,24,24,11,10,29,13,10,21,23,10,7,30,27,0,23,20,10,11,31,22,39,18,13,5
"SLC16A4",1848,1480,1236,1423,3057,1228,1328,606,1115,875,1207,5122,1472,952,1755,1460,1320,1097,463,1435,791,978,1393,1435,2608,1027,3103,2460,596,919,1483,1469,1167,1255,1014,1768,1344,759,2286,1143,767,1591,2457,1647,3473,2012,1410,217,0,939,617,1537,597,1310,965,1730,1509,3256,808
"MTND5P26",0,0,0,0,0,0,0,0,0,0,0,0,0,0,1,0,0,0,0,0,2,0,0,0,1,0,0,0,0,0,0,1,0,0,0,0,0,0,0,0,0,0,0,0,0,0,0,0,0,0,0,0,0,0,0,1,0,0,1
"CTD-2547L24.3",13,18,12,14,34,14,8,18,17,20,12,8,63,29,53,25,19,10,34,40,10,37,22,72,21,14,46,69,68,20,22,20,25,21,44,44,13,12,21,18,19,38,24,5,38,17,10,32,0,11,13,28,15,42,10,43,50,53,76
"RP11-498M15.1",0,0,0,0,0,0,0,0,0,0,0,0,0,0,0,0,0,0,0,0,0,0,0,0,0,0,0,0,0,0,0,0,0,1,0,0,0,0,0,0,0,0,0,0,0,0,0,0,0,0,0,0,0,0,0,0,0,1,0
"VPS18",861,885,818,950,1265,1023,806,803,1025,528,866,681,1479,1488,1504,809,846,706,1110,701,651,940,928,1662,1469,1266,1627,1409,1231,1102,1255,1082,1028,1272,1291,1410,948,606,770,1529,632,1675,1483,1017,1072,790,1023,1065,0,1068,1101,1164,1090,1350,883,1668,1023,949,1395
"RNA5SP103",0,0,0,0,0,0,0,0,0,0,0,0,0,0,0,0,0,0,0,0,0,0,0,0,0,0,0,0,0,0,0,0,0,0,0,0,0,0,0,0,0,0,0,0,0,0,0,0,0,0,0,0,0,0,0,0,0,0,0
"MTATP8P2",49,39,39,102,48,56,73,73,74,44,97,97,31,46,68,23,30,26,28,37,56,39,38,101,75,86,64,67,11,72,64,54,79,69,82,71,35,40,14,24,39,59,32,41,49,76,68,58,0,41,56,32,32,145,72,102,104,63,38
"MMP19",242,132,129,206,254,197,128,138,178,66,208,210,322,1003,288,57,19,59,547,264,132,678,301,124,277,63,176,428,1521,215,158,468,151,200,340,320,91,137,99,412,115,629,374,111,170,80,129,171,0,329,121,228,644,307,103,308,205,245,1415
"PRDX3P1",4,1,1,5,3,8,7,6,7,4,14,4,1,9,5,3,3,2,2,4,7,2,3,8,4,1,6,2,4,4,7,4,6,4,4,7,1,1,2,3,3,0,3,1,1,1,7,1,0,5,2,3,5,3,3,4,6,6,6
"AF127936.7",60,293,260,210,302,147,189,366,195,112,217,172,222,128,275,254,199,135,112,276,145,169,164,316,204,170,259,319,69,146,243,154,233,246,253,323,247,135,211,214,290,207,209,280,248,234,216,247,0,138,182,228,167,192,129,580,312,447,134
"MMP20",3,12,2,2,26,1,1,14,2,8,6,12,18,2,3,6,13,10,0,3,2,7,8,33,4,10,31,22,0,0,19,6,2,1,3,8,7,1,4,1,6,1,2,8,19,6,5,0,0,0,0,7,0,9,5,19,5,13,0
"MTND5P16",0,1,0,2,0,1,1,0,0,1,1,0,0,0,0,0,0,0,0,0,0,0,0,2,0,0,0,0,2,0,0,1,0,0,0,0,0,0,0,0,0,0,0,0,0,0,1,0,0,0,0,0,0,0,0,0,0,0,0
"STRN3",1007,995,809,963,1305,845,832,1079,1130,514,758,791,934,1143,1205,718,794,600,974,769,902,1318,779,945,1137,1211,1388,1008,1101,1217,978,1105,1078,1253,1256,1159,781,584,817,1137,682,1154,884,864,821,837,873,1244,0,1077,1018,1038,1383,1298,653,2049,881,1378,1148
"ECEL1",15,5,8,34,62,3,2,2,5,52,4,2,81,60,124,67,3,9,70,6,5,8,17,212,77,9,100,284,140,32,76,38,5,9,18,162,5,9,5,16,5,22,18,7,18,5,6,4,0,17,21,140,67,14,2,35,78,40,80
"ZFHX4-AS1",0,0,1,3,0,0,1,0,1,0,0,0,0,0,0,1,0,0,0,2,0,1,0,0,0,0,1,0,1,0,0,0,0,0,0,0,0,0,0,0,1,0,0,1,0,1,0,1,0,1,0,0,0,0,0,0,0,2,0
"RP3-331H24.5",0,0,0,0,0,0,0,0,0,0,0,0,0,0,0,0,0,0,0,0,0,0,0,0,0,0,0,0,0,0,0,0,0,0,0,0,0,0,0,0,0,0,0,0,0,0,0,0,0,0,0,0,0,0,0,0,0,0,0
"CICP16",0,0,0,0,1,0,0,0,0,0,0,2,0,0,1,0,1,0,0,0,0,0,0,0,0,0,1,0,0,1,0,0,0,0,1,0,0,0,0,0,0,1,0,0,1,0,0,0,0,0,0,0,0,1,0,3,0,0,1
"PPIAP13",2,1,1,0,2,0,0,2,2,1,11,8,2,4,0,2,2,5,3,0,2,2,2,1,0,1,7,5,0,2,2,2,1,6,3,2,1,2,0,4,1,1,3,1,2,3,0,1,0,1,1,2,2,2,2,7,4,1,3
"FEM1AP4",0,1,1,0,1,0,0,0,0,0,1,1,1,0,1,1,0,1,0,0,0,0,2,0,0,0,2,0,0,0,1,0,0,0,0,0,0,0,0,0,0,1,0,0,0,0,0,0,0,0,0,1,0,0,0,0,0,0,0
"NUTM2F",0,1,0,2,1,1,0,1,2,2,0,0,0,0,0,1,0,0,0,1,0,0,1,4,1,0,0,0,1,0,1,0,0,1,1,1,0,0,1,1,0,1,1,1,0,0,0,0,0,0,0,1,1,0,0,1,4,1,0
"RP11-632K20.7",26,81,91,107,247,103,175,153,89,38,124,49,249,108,304,118,61,81,169,131,203,166,196,163,83,81,135,163,177,81,134,122,80,166,169,129,50,204,126,58,186,305,192,111,95,98,40,104,0,65,92,198,58,153,96,320,156,267,253
"AP000525.10",0,0,0,0,0,0,0,0,0,0,0,0,0,0,0,0,0,0,0,0,0,0,0,0,0,0,0,0,0,0,0,0,0,0,0,0,0,0,0,0,0,0,0,0,0,0,0,0,0,0,0,0,0,0,0,0,0,0,0
"RNU6-197P",0,0,0,0,0,0,0,0,0,0,0,0,0,0,0,0,0,0,0,0,0,0,0,0,0,0,0,0,0,0,0,0,0,0,0,0,0,0,0,0,0,0,0,0,0,0,0,0,0,0,0,0,0,0,0,0,0,0,0
"PLA2G4B",0,3,4,10,2,3,0,2,0,2,7,13,23,3,5,7,0,1,4,11,15,12,11,1,5,4,1,10,15,4,9,8,7,1,13,12,5,6,3,2,5,19,6,12,5,2,7,0,0,2,1,6,1,9,2,16,4,4,4
"NDE1",599,563,464,685,1196,495,534,620,573,498,588,410,1662,1701,1299,606,494,541,1324,772,463,1252,768,1490,1277,774,2166,1301,1473,1416,825,965,688,943,807,1320,702,402,497,1166,520,1573,1246,580,1027,498,467,769,0,959,691,1296,1239,1156,468,1448,1070,896,1737
"AC007179.2",0,0,0,0,0,0,0,0,0,0,0,0,0,0,0,0,0,0,0,0,0,0,0,0,0,0,0,0,0,0,0,0,0,0,0,0,0,0,0,0,0,0,0,0,0,0,0,0,0,0,0,0,0,0,0,0,0,0,0
"MIR4484",0,0,0,0,0,0,0,0,0,0,0,0,0,0,0,0,0,0,0,0,0,0,0,0,0,0,0,0,0,0,0,1,0,0,0,1,0,0,0,0,0,0,0,0,0,0,1,0,0,0,0,0,0,0,0,0,0,0,0
"AC090939.1",1,0,0,0,0,0,0,0,0,0,0,0,1,0,0,0,0,0,0,2,1,2,1,0,0,0,6,0,0,3,0,1,0,0,0,2,0,2,1,0,0,0,0,0,0,0,0,0,0,0,0,0,0,0,0,0,0,1,1
"NT5C1B",0,0,0,0,0,0,0,0,0,0,0,0,0,0,0,0,0,0,0,0,0,0,0,0,0,0,0,1,0,0,0,0,0,0,0,0,0,0,0,0,0,0,0,0,0,0,0,1,0,0,0,0,1,0,0,0,1,0,0
"HIC2",143,236,301,256,323,296,287,323,293,132,237,151,338,276,434,189,238,211,219,243,180,254,245,433,303,323,322,409,258,206,381,246,304,308,306,332,246,216,234,265,236,397,323,275,288,242,247,302,0,278,292,324,214,246,266,440,301,246,328
"PGAM1P8",0,0,0,0,0,0,0,0,0,0,0,0,0,0,0,0,0,0,0,0,0,0,0,0,0,0,0,0,0,0,0,0,0,0,0,0,0,0,0,0,0,0,0,0,0,0,0,0,0,0,0,0,0,0,0,0,0,0,0
"GLYATL1",98,33,48,41,52,18,65,50,48,41,33,11,6,57,17,21,32,32,25,23,26,37,34,7,13,29,10,14,0,42,13,53,33,32,65,28,55,22,35,48,42,27,29,17,25,33,34,20,0,21,40,14,69,90,42,80,26,19,11
"HIGD2A",2904,2617,2236,3326,3338,2469,2909,3397,2598,2135,2035,1383,3955,3767,4284,2545,2860,3391,2871,2266,2106,1529,3106,5129,4817,4633,4340,3738,1719,3210,3163,3564,3866,4116,3656,3539,3448,1777,1984,5376,1549,4048,5326,2809,2789,2107,2576,3790,0,2691,3356,3161,2523,4539,2707,3375,2969,1265,2929
"RP11-330O11.3",6,5,12,3,3,19,7,8,8,3,7,12,7,9,21,5,7,9,18,7,16,8,12,15,20,10,11,14,19,7,8,6,9,14,5,7,10,2,18,15,13,15,15,8,6,11,5,10,0,9,2,4,12,4,6,11,5,16,12
"PTP4A3",274,206,142,142,298,207,157,208,282,86,190,73,503,573,341,111,142,102,664,187,121,333,248,278,288,231,249,418,1351,189,302,677,159,306,475,320,210,272,90,313,117,656,599,81,177,67,80,190,0,264,302,274,759,333,66,243,262,108,1218
"OTX2",0,0,0,0,0,0,2,0,0,0,0,0,1,0,0,0,0,1,0,0,0,0,1,0,0,0,0,0,0,0,1,0,0,0,0,1,0,0,0,0,0,0,3,0,0,0,0,2,0,1,1,0,2,0,0,0,1,0,0
"FOXD4L6",0,1,0,0,0,0,0,1,0,0,0,1,0,0,0,1,0,0,0,0,0,1,1,1,0,0,0,4,0,0,0,0,0,0,1,0,1,0,0,0,0,0,1,0,2,0,0,0,0,0,0,1,2,2,0,0,1,0,2
"RNU6-638P",0,2,4,7,0,1,1,4,3,0,0,0,1,5,3,0,2,2,1,5,0,4,5,2,1,2,6,0,5,3,0,2,2,2,0,3,1,5,1,2,3,6,0,1,3,4,1,3,0,0,3,2,0,0,1,1,0,4,5
"OR2G1P",0,0,0,0,0,1,0,0,0,0,0,0,0,0,0,0,0,0,0,0,0,0,0,0,0,0,0,0,0,0,0,0,0,1,0,0,0,0,0,0,0,0,0,0,0,0,0,1,0,0,0,0,0,0,0,0,0,0,0
"STPG1",620,741,706,770,847,622,730,681,662,299,501,923,425,561,736,546,562,521,379,481,569,481,565,655,840,942,727,552,111,661,768,629,677,789,1053,510,768,501,676,869,329,468,670,752,589,601,762,800,0,515,769,490,279,1015,637,1191,526,603,240
"AC010729.3",0,0,0,0,0,0,1,0,0,0,0,0,0,0,0,0,0,0,0,0,0,0,0,0,0,0,0,0,0,0,0,0,0,0,0,0,0,0,0,0,0,0,0,0,0,0,0,0,0,0,0,0,0,0,0,0,0,0,0
"CTD-2258A20.3",0,0,0,0,0,0,0,0,0,0,0,0,0,0,0,0,0,0,0,0,0,0,0,0,0,0,0,0,0,0,0,0,0,0,0,0,0,0,0,0,0,0,0,0,0,0,0,0,0,0,0,0,0,0,0,0,0,0,0
"RPL36",8778,9502,7738,10713,12521,6503,9690,11222,7495,7906,8880,3812,18225,17310,19608,7077,7365,9893,11150,7181,5813,5077,9973,23342,16448,15886,18030,19914,9550,14054,12043,12381,11875,14207,14410,16119,10652,7263,6753,17067,4714,18055,23381,7777,12624,6468,8619,10293,1,8407,10289,14501,8802,17889,8277,12695,16063,6357,17463
"WFDC1",37,256,258,258,216,211,306,393,297,89,319,302,289,133,234,93,71,132,204,251,229,217,366,73,280,106,99,168,139,90,249,386,326,298,275,291,182,253,150,299,188,348,368,273,145,190,306,339,0,409,251,132,276,324,236,437,216,246,248
"SDHCP4",3,4,4,7,6,4,6,6,7,3,6,9,8,11,6,3,8,1,4,3,2,3,1,6,14,8,13,8,2,12,6,12,9,6,5,12,9,1,3,9,3,3,7,13,4,3,6,7,0,4,6,10,8,10,5,7,4,6,5
"PART1",4,1,3,4,3,6,0,1,3,0,3,1,12,27,9,3,3,2,14,1,1,6,2,16,14,2,3,1,4,2,1,7,7,8,4,6,2,6,4,9,2,22,6,4,3,0,3,33,0,16,3,2,10,11,4,14,2,3,11
"AL121875.1",0,0,0,0,0,0,0,0,0,0,0,0,0,0,0,0,0,0,0,0,0,0,0,0,0,0,0,0,0,0,0,0,0,0,0,0,0,0,0,0,0,0,0,0,0,0,0,0,0,0,0,0,0,0,0,0,0,0,0
"RP11-161H23.10",3,4,0,0,3,7,3,1,0,1,2,0,4,3,5,1,1,0,6,1,1,0,6,3,4,2,12,7,2,5,1,7,0,3,5,1,0,1,4,3,4,9,0,3,1,4,0,1,0,4,5,8,1,3,2,2,0,4,1
"DUSP15",9,8,11,22,17,8,24,18,6,8,16,13,27,20,25,6,4,12,21,9,14,9,13,30,26,10,19,35,22,16,11,13,22,19,20,22,7,9,4,20,9,33,41,6,11,5,13,10,0,12,17,14,15,13,7,12,24,24,26
"CTA-445C9.14",31,35,27,50,91,29,43,52,30,25,36,44,102,78,95,39,39,45,56,69,43,36,57,97,43,49,132,116,62,67,52,56,58,53,66,95,35,28,37,44,26,107,94,25,52,32,54,60,0,50,32,79,43,78,33,106,84,75,113
"RP5-859M6.1",0,1,0,0,2,0,0,1,0,0,1,0,1,4,1,0,0,0,1,0,0,0,0,1,0,0,2,2,0,2,0,0,2,1,1,1,1,0,0,0,1,2,0,0,1,0,1,0,0,0,1,0,0,0,1,2,2,2,0
"RN7SL670P",0,0,0,0,0,0,0,0,0,0,0,2,0,0,0,0,0,0,0,0,0,0,0,0,0,0,0,0,0,0,0,0,0,0,0,0,0,1,0,0,0,0,0,0,1,0,0,0,0,0,0,0,0,0,0,0,0,0,0
"TTC13",425,574,533,570,1065,526,594,637,539,308,520,445,1169,704,1582,412,417,408,749,601,718,838,816,837,759,725,971,1178,1012,778,635,786,812,707,840,1138,426,410,509,708,653,1165,987,476,615,505,554,763,0,808,537,823,721,808,458,1735,1024,1149,1258
"RN7SL628P",0,0,0,0,0,0,0,0,0,0,0,0,0,0,0,0,0,0,0,0,0,1,0,0,0,0,0,0,0,0,0,0,0,0,0,0,0,0,0,0,0,0,0,0,0,0,0,0,0,0,0,0,0,0,0,0,0,0,0
"IGBP1-AS1",0,0,0,0,0,1,0,0,1,0,1,0,0,0,0,0,0,0,0,1,0,0,0,0,0,0,0,0,0,0,0,0,0,0,0,0,0,1,0,0,1,0,0,0,0,0,0,0,0,0,0,0,0,2,0,0,0,0,0
"FAM203B",0,0,0,0,0,0,0,0,0,0,0,6,1,1,0,0,2,0,0,0,1,0,1,0,0,2,0,1,0,2,1,0,0,0,0,0,14,12,0,2,0,0,1,0,0,0,25,18,0,0,0,0,0,0,2,0,0,0,0
"AC073869.10",0,0,1,0,1,1,1,1,0,0,0,2,0,1,2,0,0,1,0,0,0,0,0,1,0,0,0,0,0,0,0,1,0,0,0,2,0,1,1,0,1,0,0,0,0,0,0,0,0,0,0,0,0,3,0,0,0,0,0
"RP11-679B19.2",0,0,0,0,0,0,0,0,0,0,0,1,1,3,0,0,0,0,0,3,0,1,0,0,0,0,0,0,1,0,0,2,0,0,0,0,2,1,7,0,0,0,0,0,0,0,0,0,0,2,0,1,1,0,0,0,0,0,3
"ZFPM1",161,117,101,96,135,133,143,168,101,98,98,106,208,207,189,146,144,204,235,123,97,69,193,283,313,254,213,222,56,166,177,233,170,226,152,179,116,71,59,234,73,231,269,166,109,97,126,78,0,164,144,122,182,167,100,144,106,39,126
"RP11-361M10.3",0,0,2,0,0,0,3,3,1,0,0,3,4,1,2,1,0,3,1,2,1,2,5,4,3,3,0,5,4,2,4,2,1,1,3,3,0,2,1,0,3,4,4,1,3,2,2,0,0,4,1,3,1,0,2,5,5,3,4
"TEKT5",0,1,1,4,2,1,1,2,0,3,2,0,7,5,13,1,3,1,2,1,1,3,2,1,1,10,2,9,2,5,3,7,6,6,2,6,0,0,1,1,2,1,7,5,1,0,2,14,0,0,0,0,2,4,3,15,1,3,5
"RBMX2P4",0,0,0,0,0,0,0,0,0,0,0,0,0,0,0,0,0,0,0,0,0,0,0,0,0,0,0,0,0,0,0,0,0,0,0,0,0,0,0,0,0,0,0,0,0,0,0,0,0,0,0,0,0,0,0,0,0,0,0
"RP11-115A15.1",0,0,0,0,0,0,0,0,0,0,0,0,0,0,0,0,0,0,0,0,0,0,0,0,0,0,0,0,0,0,0,0,0,0,0,0,0,0,0,0,0,0,0,0,0,0,0,0,0,0,0,0,0,0,0,0,0,0,0
"RP11-393K10.1",0,0,0,0,0,0,0,0,0,0,0,0,0,0,0,0,0,0,0,0,1,0,0,0,0,0,0,0,0,0,0,0,0,0,0,0,0,0,0,0,0,0,0,0,0,0,0,0,0,0,0,0,0,0,0,0,0,0,0
"CTD-2015B23.2",12,25,21,23,18,8,19,16,17,12,13,13,19,25,25,11,6,15,27,19,1,13,5,13,38,30,18,9,26,19,31,27,24,28,17,32,11,16,8,22,16,39,11,20,23,40,17,27,0,21,22,13,25,20,7,12,20,15,21
"RNA5SP137",0,0,0,0,0,0,0,0,0,0,0,0,0,0,0,0,0,0,0,0,0,0,0,0,0,0,0,0,0,0,0,0,0,0,0,0,0,0,0,0,0,0,0,0,0,0,0,0,0,0,0,0,0,0,0,0,0,0,0
"RP11-351I24.1",6,0,1,0,2,1,3,2,3,2,2,1,1,1,2,4,0,2,2,3,1,1,1,4,4,4,1,0,9,1,0,1,1,1,2,4,0,3,1,3,2,5,3,2,1,1,0,2,0,1,0,3,2,7,1,0,4,0,6
"SYNE1-AS1",0,0,0,0,0,0,0,0,0,0,0,0,0,4,0,0,0,0,1,0,0,0,1,0,0,0,0,2,0,0,1,0,0,0,0,0,0,0,0,0,0,0,0,0,1,0,0,0,0,2,0,1,0,0,0,0,0,3,1
"MAL",6,28,25,72,136,29,16,34,26,59,113,19,231,171,335,17,3,31,117,85,43,104,82,138,100,38,83,352,214,189,116,112,54,109,23,122,25,29,23,104,33,456,411,28,154,48,24,43,0,60,25,247,59,199,17,164,333,146,486
"MIR4494",0,0,0,0,0,0,0,0,0,0,0,0,0,0,0,0,0,0,0,0,0,0,0,0,1,0,0,0,0,0,0,0,0,0,0,0,0,0,0,0,0,0,0,0,0,0,0,0,0,0,0,1,0,0,0,0,0,0,0
"AC012671.1",0,0,0,0,0,0,0,0,0,0,0,0,0,0,0,0,0,0,0,0,0,0,0,0,0,0,0,0,0,0,0,0,0,0,0,0,0,0,0,0,0,0,0,0,0,0,0,0,0,0,0,0,0,0,0,0,0,0,0
"RNU6-904P",0,0,0,0,0,0,0,0,0,0,0,0,0,0,0,0,0,0,0,0,0,0,0,0,0,0,0,0,0,0,0,0,0,0,0,0,0,0,0,0,0,0,0,0,0,0,0,0,0,0,0,0,0,0,0,0,0,0,0
"MICALL1",904,625,534,616,798,578,702,681,751,350,607,659,898,1196,1069,570,546,505,1011,551,555,820,848,1113,1331,972,1008,898,860,899,815,858,783,1016,1098,806,768,450,505,1124,493,1167,1070,683,673,490,688,688,0,802,781,707,980,1034,512,1245,662,516,1123
"KDM2A",3360,4846,4140,4970,8131,4076,4825,5181,4511,2813,3737,3550,8930,6583,10203,4264,4409,4067,5346,5070,4408,6366,5402,8658,6947,6959,8158,8451,7763,5694,5873,5744,6084,6217,6825,7443,4711,3503,4856,5550,3732,9244,6575,4708,6730,4383,5077,4518,0,4841,5087,6959,5125,6311,4137,10200,6793,6832,8678
"INSL3",1,2,0,2,17,1,0,2,0,6,6,0,34,34,17,3,2,3,14,4,1,5,4,12,3,7,7,26,15,7,7,12,1,5,7,16,1,6,6,1,2,35,17,0,8,3,2,4,0,1,5,11,1,13,1,17,26,9,12
"ZNF849P",0,0,0,2,0,1,2,2,1,2,1,2,1,0,3,0,2,2,5,1,1,0,0,3,2,0,7,1,1,3,1,3,0,0,1,1,1,0,2,0,0,0,0,3,0,2,0,0,0,0,1,0,1,2,0,1,4,0,6
"AC098592.6",0,1,0,0,0,1,0,0,0,0,0,0,0,0,0,0,1,0,0,0,4,0,0,0,0,0,0,1,0,0,0,0,0,0,1,1,0,0,0,0,1,0,0,0,0,0,0,0,0,0,0,0,0,0,0,2,0,0,0
"RNA5SP77",0,0,0,0,0,0,0,0,0,0,0,0,0,0,0,0,0,0,0,0,0,0,0,0,0,0,0,0,0,0,0,0,0,0,0,0,0,0,0,0,0,0,0,0,0,0,0,0,0,0,0,0,0,0,0,0,0,0,0
"N4BP1",2097,2254,2110,2095,3429,2150,2163,2290,2164,1300,1637,1422,2917,3293,3558,1896,2345,1811,2284,2205,1891,2516,2023,3363,3154,3566,3186,2957,5041,2241,2512,2715,2890,2910,3314,2965,2188,1458,2453,2537,1971,3538,2784,2191,2713,2149,2565,2433,0,2065,2605,2649,3153,2895,1975,4816,2689,3059,3315
"FAM35EP",0,1,0,1,0,0,0,1,0,0,2,0,0,0,0,0,1,0,0,0,0,0,0,2,1,0,3,0,0,0,0,0,1,0,0,1,0,0,0,0,1,0,0,1,0,0,1,0,0,0,1,1,0,0,0,1,1,0,0
"MIRLET7G",0,2,0,1,1,1,2,3,0,0,0,0,0,0,0,0,0,0,0,3,0,1,1,2,0,0,0,0,0,0,0,2,0,0,0,0,0,0,1,0,2,1,1,0,0,0,0,2,0,1,1,0,0,0,0,0,1,3,1
"RP11-593P24.2",2,1,1,2,7,0,1,2,1,1,3,3,0,0,3,1,5,0,1,1,0,0,0,3,3,2,0,1,0,1,3,0,2,4,4,3,0,1,2,0,3,1,5,1,5,4,3,2,0,1,1,0,0,3,1,3,6,0,1
"CTB-113P19.1",0,0,0,0,0,1,1,0,0,0,0,1,1,0,0,1,0,0,1,0,0,0,0,0,0,0,0,0,0,1,1,0,0,1,0,0,0,0,0,0,0,0,0,0,0,0,0,0,0,1,0,0,0,0,0,0,0,0,1
"RP11-501J20.3",0,0,0,0,0,0,0,1,0,0,3,0,0,0,0,1,0,0,0,0,0,0,0,0,0,0,1,0,1,0,0,1,0,0,1,0,0,0,0,0,0,0,0,1,0,0,0,0,0,0,0,0,0,1,1,0,0,1,0
"CLNS1A",1954,3159,2514,2673,4205,1742,2703,3051,2578,2086,2558,1844,3605,3655,4352,2046,2663,2154,2941,2656,2158,2410,2396,4320,3932,3531,5420,4522,2466,3467,2873,3237,3456,3554,3949,4083,2784,1697,2484,3956,2117,4080,4402,2407,3173,2328,2994,2996,0,2657,2502,4108,3256,4500,2511,6166,3812,3646,3496
"RN7SKP191",0,0,0,0,1,0,0,0,0,0,0,0,0,0,0,0,0,0,0,0,0,0,0,1,0,0,0,0,0,0,0,0,0,0,0,0,0,0,0,0,0,0,0,0,0,0,0,0,0,0,0,0,0,0,1,0,0,0,0
"RPS4XP3",14,23,19,19,29,17,26,25,11,32,55,27,14,36,26,8,11,11,21,10,12,9,14,38,31,22,29,32,26,27,19,23,21,33,21,36,14,14,10,38,17,29,33,14,22,3,11,14,0,21,13,30,17,20,26,25,25,13,16
"RP11-701P16.2",1,0,0,0,0,1,0,0,0,0,0,0,0,0,0,0,0,0,1,0,0,0,0,0,0,0,0,0,11,0,0,0,0,0,0,0,0,0,0,0,0,0,1,0,0,0,0,0,0,0,0,0,0,0,0,0,0,0,1
"LUZPP1",0,0,2,1,0,0,2,0,2,0,2,2,3,0,2,1,2,2,2,5,2,0,2,0,1,0,4,0,2,0,3,4,0,1,0,3,4,2,1,0,1,3,3,1,1,2,0,0,0,0,0,0,8,0,0,7,2,1,0
"INPP4B",942,1160,1297,1246,2232,981,1443,1387,1530,905,947,913,1541,1623,2461,1203,1065,908,965,1715,1014,1148,1127,1682,1686,1664,1407,2121,1120,1387,1469,1523,1308,1723,2154,1676,1171,953,1239,1353,1412,1868,1087,1311,1841,1405,1506,1554,0,1469,1395,1826,1431,1177,1116,2535,2089,2785,1494
"LCA5",32,152,124,127,229,71,95,118,92,61,119,72,195,159,205,48,38,42,143,175,65,115,92,89,125,59,120,283,189,144,96,156,97,99,116,228,55,83,65,72,141,289,140,97,165,116,149,109,0,144,101,176,206,156,59,320,158,220,271
"ACTL6A",2219,2122,1812,1912,3016,1595,1886,2138,1880,1433,1639,1228,2275,2620,2809,1294,1695,1549,2301,1832,1683,2146,1464,2630,2713,2700,3858,2541,1579,3173,1675,2519,2550,2695,2736,2927,2272,1218,1397,3388,1629,2472,2455,1753,1953,1567,1940,2301,0,2179,2035,2240,2490,2887,1595,4427,2152,2330,2327
"HMMR",589,829,622,661,1394,407,652,464,380,630,377,272,1010,1256,797,499,487,478,1297,668,483,605,532,924,1225,577,3305,1023,599,2010,516,1174,824,1060,954,1641,487,193,446,1345,425,624,587,425,445,469,362,287,0,1290,501,931,1059,733,381,1256,631,884,909
"RGPD8",19,95,168,58,285,182,150,174,186,41,65,100,244,105,50,72,75,97,124,90,188,168,118,80,150,194,63,251,165,174,100,104,202,236,166,118,138,130,131,114,61,272,193,155,59,153,100,72,0,148,81,191,209,134,145,398,169,155,218
"RP11-15F12.3",0,0,0,0,0,0,0,0,0,0,0,0,0,0,0,0,0,1,0,1,0,0,0,0,0,0,0,0,0,0,0,0,0,0,0,0,0,2,0,0,0,0,0,0,0,1,0,0,0,0,0,1,0,0,0,0,0,0,0
"TXN",11016,7381,7579,12362,8011,8403,9998,8034,8223,8470,6769,5725,4652,15685,9453,7875,8141,9005,10950,6110,7759,6910,6686,8727,11348,11352,7014,8194,6499,13960,11300,9972,11107,10809,16705,10013,10153,5075,6813,13690,5060,6957,12619,8456,6726,5203,7320,7712,0,7341,9433,6796,9342,17124,9807,15077,8515,7117,7593
"STMN4",0,2,3,1,3,8,3,4,0,1,1,1,0,1,1,0,0,5,17,2,5,8,11,0,2,1,1,4,1,1,1,6,2,4,11,7,0,1,2,1,3,2,1,1,1,8,0,17,0,7,4,1,8,4,3,7,2,5,21
"RP11-510N19.3",0,0,0,0,0,0,0,0,0,0,0,0,0,0,0,0,0,0,0,0,0,0,0,0,1,0,0,0,0,0,0,0,0,0,0,0,0,0,0,0,0,0,0,0,0,0,0,0,0,0,0,0,0,0,0,0,0,0,0
"RP11-110I1.12",25,31,35,45,98,38,38,44,44,50,23,8,83,73,62,30,109,51,79,59,34,70,53,82,48,61,128,96,46,60,30,40,51,46,74,99,53,36,23,110,53,72,45,29,54,39,35,54,0,46,38,55,38,83,34,74,77,52,76
"RP11-692C24.1",0,0,1,0,0,0,0,0,0,0,0,0,0,0,0,0,0,0,0,0,0,0,1,0,0,0,0,0,0,0,0,0,0,0,0,0,0,1,1,0,0,0,0,0,0,0,0,0,0,0,0,0,0,0,0,0,0,0,0
"SRL",7,16,15,23,115,17,32,22,12,15,29,16,93,60,160,28,8,24,23,76,33,52,42,67,46,39,66,215,117,94,28,58,25,40,41,148,14,16,17,53,13,220,85,16,84,14,15,35,0,46,38,102,22,138,15,69,67,53,183
"RP11-436H11.2",0,0,0,0,0,0,0,0,0,0,0,0,0,0,0,0,0,0,0,0,0,0,0,0,0,0,0,0,0,0,0,0,0,0,0,2,0,0,0,0,1,0,0,0,0,0,0,0,0,0,0,0,0,0,0,0,0,0,0
"AC018892.8",0,0,0,0,0,0,0,0,0,0,0,0,0,0,0,0,0,0,0,0,0,0,0,0,0,0,0,0,0,0,0,0,0,0,0,0,0,0,0,0,0,0,0,0,0,0,0,0,0,0,0,0,0,0,0,0,0,0,0
"USMG5P1",9,9,6,11,9,10,7,5,5,10,26,18,9,9,11,3,3,5,7,3,2,5,5,21,12,9,8,9,1,23,11,9,15,13,21,6,4,3,4,23,5,8,4,13,2,6,10,11,0,7,12,2,5,16,11,9,4,6,9
"AP001469.9",0,0,1,3,0,3,1,5,1,0,0,2,5,3,7,5,2,1,1,4,1,2,4,2,3,1,1,1,1,1,4,0,3,1,4,4,1,3,5,8,1,0,3,0,1,4,1,0,0,2,2,2,2,0,1,4,7,7,5
"RP11-158M2.3",3,11,12,3,9,25,16,11,6,3,19,23,25,11,36,15,10,14,12,11,14,14,15,30,12,10,20,17,9,14,21,10,27,15,25,10,10,8,20,16,21,24,19,11,10,9,17,14,0,8,15,6,2,11,9,32,26,26,5
"RP11-120K24.5",1,0,1,1,6,0,4,3,1,0,2,4,1,0,5,2,2,1,1,1,4,0,0,8,1,3,1,4,0,1,5,1,2,2,5,2,2,1,1,3,1,2,7,0,0,4,2,2,0,1,0,3,1,4,2,0,4,3,2
"CIAPIN1P",7,8,3,2,9,1,7,5,4,3,9,8,3,1,9,2,3,4,8,2,3,4,2,16,5,7,9,8,3,6,6,4,4,8,6,9,2,2,2,5,4,4,5,7,6,2,2,8,0,6,4,7,5,5,1,5,4,4,5
"OR51V1",0,0,0,0,0,0,0,0,0,0,0,0,0,0,0,0,0,0,0,0,0,0,0,0,0,0,0,0,0,0,0,0,0,0,0,0,0,0,0,0,0,0,0,0,0,0,0,0,0,0,0,0,0,0,0,0,0,0,0
"RP4-655L22.4",0,0,1,1,1,0,0,0,1,0,5,0,1,0,1,0,0,0,1,1,0,2,0,2,1,0,0,0,0,0,0,0,1,0,2,0,0,0,0,0,0,0,0,0,0,0,0,0,0,0,0,1,1,0,0,0,0,0,0
"RP11-307I2.1",1,1,0,0,0,0,0,0,0,0,0,0,0,0,0,0,1,0,0,0,0,0,0,0,0,0,1,0,1,0,0,1,2,0,0,1,3,0,0,2,0,0,1,0,0,0,1,0,0,0,0,0,0,1,0,2,0,0,0
"RNU6-801P",0,0,0,0,0,0,0,0,0,0,0,0,0,0,0,0,0,0,0,0,0,0,0,0,0,0,0,0,0,0,0,0,0,0,0,0,0,0,0,0,0,0,0,0,0,0,0,0,0,0,0,0,0,0,0,0,0,0,0
"RP11-158G18.1",0,0,0,0,0,0,0,0,0,0,1,0,0,0,0,0,0,0,0,2,0,0,0,0,0,0,0,0,0,0,0,0,1,0,0,2,0,0,0,0,0,0,0,0,0,0,0,0,0,0,0,0,0,0,1,0,0,0,0
"C6orf120",1602,2092,1849,1757,2659,1628,2161,2090,2255,1007,1673,1594,1891,1907,2760,1462,1901,1359,1361,1814,1594,1594,1328,2634,2091,2422,2438,2286,1748,1696,2227,1869,2325,2519,2297,2237,1925,1237,1789,2118,1583,2117,1765,2008,2069,1954,2447,2023,0,1370,1930,1761,1511,2174,1621,3485,2539,2675,2070
"RP11-127L21.1",0,0,0,0,0,0,0,0,1,0,0,0,0,0,0,0,0,0,0,0,0,0,0,0,0,0,0,0,0,0,0,0,0,0,0,0,0,0,0,0,0,0,0,0,0,0,0,0,0,0,0,0,0,0,0,0,0,0,0
"MKRN5P",0,0,1,2,1,2,0,3,2,0,5,1,4,1,4,2,0,0,0,0,0,0,3,2,3,3,0,1,2,0,1,1,1,1,2,2,0,0,0,3,0,0,2,1,1,1,2,5,0,0,2,0,2,0,1,4,0,1,3
"RNU6-564P",1,1,0,0,0,2,3,0,1,1,0,2,0,0,0,0,1,0,0,0,0,0,0,0,0,1,1,1,0,0,3,0,0,0,0,0,1,0,0,0,1,0,1,1,1,0,5,0,0,0,1,1,0,0,1,0,0,0,1
"CTB-96E2.3",0,0,0,0,0,0,0,0,0,0,0,0,0,0,0,0,0,0,0,0,0,0,0,0,0,0,0,0,0,0,0,0,0,0,0,0,0,0,0,0,0,0,0,0,0,0,0,0,0,0,0,0,0,0,0,0,0,0,0
"RP11-618I10.1",0,5,0,4,0,0,3,3,3,1,5,7,0,4,3,1,2,1,5,5,1,4,3,3,2,3,3,5,2,1,3,2,2,8,1,1,1,1,3,0,1,2,2,1,0,0,0,0,0,2,1,0,0,0,2,4,0,3,0
"RP11-838N2.4",15,4,5,5,7,3,0,9,5,9,7,6,6,54,5,5,1,2,44,5,14,31,5,17,70,5,9,18,20,84,5,32,4,14,22,3,5,5,10,14,5,21,11,6,4,2,5,17,0,40,7,4,25,22,5,22,11,7,34
"RP11-179A16.2",0,0,0,0,0,0,0,0,0,0,0,0,0,0,0,0,0,0,0,0,0,0,0,0,0,0,0,0,0,0,0,0,0,0,0,0,0,0,0,0,0,0,0,0,0,0,0,0,0,0,0,0,0,0,0,0,0,0,0
"RP11-6J24.6",4,10,9,22,14,9,28,25,17,6,13,16,24,16,45,17,9,20,18,16,13,24,20,43,24,23,43,31,32,14,17,27,32,27,25,29,19,13,26,17,21,23,43,25,14,12,21,9,0,22,15,27,5,33,28,38,36,18,26
"ST13P11",1,2,1,2,1,1,2,5,0,0,0,0,1,1,1,1,0,0,1,1,0,0,0,4,3,1,2,1,2,2,1,3,0,2,1,3,0,1,1,0,1,2,0,1,0,0,1,0,0,2,1,2,0,0,1,2,1,2,0
"FAM206A",864,854,777,762,1303,723,925,843,886,442,792,715,798,1108,1193,720,867,679,857,792,722,712,626,1214,1162,1121,1023,834,485,1007,863,1014,1105,1091,1243,938,951,526,831,1062,764,1098,1072,813,797,691,985,902,0,876,982,696,952,1265,714,1745,897,980,746
"RP11-122G11.1",0,0,1,0,0,0,0,1,0,0,0,0,0,0,0,0,0,0,0,0,0,0,0,0,0,0,0,0,0,0,0,0,0,0,0,0,0,0,0,0,0,0,0,0,0,0,0,0,0,0,0,0,0,0,0,0,0,0,0
"KB-1517D11.2",0,0,0,0,0,2,0,0,2,0,1,0,0,0,0,0,1,0,0,0,0,0,0,0,1,0,0,1,0,0,0,0,0,0,1,2,0,0,0,0,0,1,1,0,0,1,0,0,0,0,0,0,0,0,0,0,0,1,0
"RP11-252E2.2",0,0,1,0,0,0,0,0,0,0,0,1,0,0,0,0,0,0,0,0,0,0,0,1,0,0,0,1,0,0,0,0,0,1,0,0,0,0,0,0,0,1,0,2,0,0,0,0,0,0,0,0,0,0,1,0,0,0,1
"TRIM64C",0,0,0,0,0,0,0,0,0,0,0,0,0,0,0,0,0,0,0,0,0,0,0,0,0,0,0,0,1,0,0,1,0,0,0,0,0,0,0,0,0,0,0,0,0,0,0,0,0,0,0,0,0,0,0,0,0,0,0
"CTB-60B18.10",4,4,3,3,3,7,1,1,3,4,0,24,3,2,4,0,0,0,1,5,0,5,9,1,5,0,5,2,7,2,4,0,5,10,2,1,0,0,3,2,1,8,7,4,3,0,2,0,0,1,2,2,1,0,2,1,2,0,4
"RP11-646J21.5",0,0,0,0,0,0,0,0,0,0,0,0,0,0,0,0,0,0,0,0,0,0,0,0,0,0,0,0,1,0,0,0,0,0,0,0,0,0,0,0,0,0,0,0,0,0,0,3,0,1,0,0,0,0,0,0,0,1,0
"RP11-1263C18.1",0,0,0,0,0,0,0,0,0,0,1,0,0,0,0,0,0,0,1,0,0,0,0,0,0,0,0,0,0,0,0,0,0,0,0,0,0,0,0,0,0,0,0,0,1,0,0,0,0,0,0,0,0,0,0,0,0,0,0
"RNU6-617P",0,0,0,0,0,0,0,0,0,0,0,0,0,0,0,0,0,0,0,0,0,0,0,0,0,0,0,0,0,0,0,0,0,0,0,0,0,0,0,0,0,0,0,0,0,0,0,0,0,0,0,0,0,0,0,0,0,0,0
"RNU1-94P",0,0,0,0,0,0,1,0,0,0,0,0,0,0,0,0,0,0,0,0,0,0,0,0,0,0,0,0,0,0,0,0,0,0,0,0,0,0,1,1,0,0,0,0,0,0,0,0,0,0,0,0,0,0,0,0,0,0,0
"AC000111.5",0,0,0,0,0,0,0,0,0,0,1,0,0,0,0,0,0,0,0,0,0,0,0,0,0,0,0,0,0,0,0,0,0,0,0,0,0,0,0,0,0,0,0,0,0,0,0,0,0,0,0,0,0,0,0,0,0,0,0
"MT-CYB",0,0,0,0,0,0,0,0,0,0,0,0,0,0,0,0,0,0,0,0,0,0,0,0,0,0,0,0,0,0,0,0,0,0,0,0,0,0,0,0,0,0,0,0,0,0,0,0,0,0,0,0,0,0,0,0,0,0,0
"RNU6-182P",0,0,0,0,0,0,0,0,0,0,0,0,0,0,0,0,0,0,0,0,0,2,0,0,0,0,0,0,0,0,0,0,0,0,0,0,0,0,0,0,0,0,0,0,0,0,0,0,0,1,0,0,0,0,0,0,0,0,0
"GAS5-AS1",21,36,28,31,60,17,30,46,35,19,26,16,42,31,53,16,23,33,26,33,25,19,30,39,33,34,46,33,18,17,33,15,39,33,23,36,35,20,25,16,21,46,51,36,39,49,58,38,0,18,56,29,27,28,25,101,35,42,39
"RNU2-50P",0,0,0,0,0,0,0,0,0,0,0,0,0,0,0,0,0,0,0,0,0,0,0,0,0,0,0,0,0,0,0,0,0,0,0,0,0,0,0,0,0,0,0,0,0,0,0,0,0,0,0,0,0,0,0,0,0,0,0
"RP11-428G5.2",1,0,1,3,5,1,2,2,0,0,9,3,8,8,5,1,3,1,0,1,2,1,3,4,4,5,6,4,4,4,4,4,9,2,2,4,3,1,1,3,2,1,2,1,8,1,1,2,0,3,1,5,3,4,7,6,7,1,6
"CTA-211A9.5",103,93,75,80,175,72,115,122,56,67,104,69,154,124,269,74,131,75,113,116,62,133,105,169,170,112,218,164,157,176,90,104,122,138,107,166,82,80,110,91,89,231,195,63,118,76,74,109,0,57,63,140,101,148,68,266,177,187,254
"LINC00862",0,0,2,0,3,2,1,3,1,1,1,0,3,3,2,1,1,0,6,1,2,9,1,4,1,3,15,4,7,1,4,1,3,8,3,7,0,1,3,2,5,9,4,2,1,2,1,3,0,3,1,5,3,5,1,7,1,2,4
"RP11-494I9.1",0,0,0,0,0,0,0,0,0,0,0,0,0,0,0,0,0,0,0,0,0,0,0,0,0,0,0,0,0,0,0,0,0,0,0,0,0,0,0,0,0,0,0,0,0,0,0,0,0,0,0,0,0,0,0,0,0,0,0
"KIAA0040",1278,1265,1241,1530,3467,1150,815,1587,2021,1105,1385,1310,3588,3504,4307,979,885,917,2353,1453,901,3393,1551,3515,2602,1466,5021,3622,5170,2654,1631,2035,1382,1585,1706,3492,1287,794,1160,1582,1169,3325,2154,774,3040,887,956,1611,0,1837,1456,3493,2803,2420,684,3694,2489,2613,4930
"S100A12",110,2,0,5,4,2,0,0,13,0,0,2,16,529,6,0,0,0,120,19,1,1027,0,0,76,2,1,2,2680,179,19,30,2,11,107,5,1,23,1,253,2,24,38,2,1,3,0,2,0,102,0,6,117,11,4,2,0,5,558
"HOMER2P2",0,0,0,0,1,0,0,0,0,0,0,0,0,0,0,0,0,0,0,0,0,0,0,0,0,1,1,0,2,0,1,0,0,0,0,0,0,0,0,0,0,0,0,0,0,0,0,1,0,0,0,0,0,0,0,0,0,0,0
"RP4-672N11.1",0,0,0,0,0,0,0,0,0,0,0,0,0,0,0,0,0,0,0,0,0,0,0,0,0,0,0,0,0,0,0,0,0,0,0,0,0,0,0,0,0,0,0,0,0,0,0,0,0,0,0,0,0,0,0,0,0,0,0
"RP11-346M5.4",0,0,0,0,0,0,0,0,0,0,0,0,0,0,0,0,0,0,0,0,0,0,0,0,0,0,0,0,0,0,0,0,0,0,0,0,0,0,0,0,0,0,0,0,0,0,0,0,0,0,0,0,0,0,0,0,0,0,0
"RP11-328D5.1",0,0,0,0,0,0,1,0,0,0,0,0,2,0,1,0,0,0,0,2,0,0,0,0,0,0,0,1,0,0,0,0,0,0,0,0,0,0,1,0,0,0,2,0,1,0,0,0,0,0,0,0,0,2,0,0,1,0,0
"AP001631.1",0,0,0,0,0,0,0,0,0,0,0,0,1,0,0,2,0,0,1,1,0,0,1,1,0,0,0,0,0,0,0,0,1,0,0,0,0,0,0,0,0,0,0,0,0,1,0,0,0,0,1,0,0,1,0,0,0,0,0
"UBE2D1",830,613,467,618,1249,754,546,689,983,414,555,667,1088,1825,1305,561,489,292,1384,751,650,1732,635,885,1247,819,1152,1390,2329,1339,711,998,660,921,1220,1355,624,591,580,877,518,1190,888,512,735,573,591,818,0,909,651,1429,1432,998,365,1464,921,1349,1626
"RP11-820K3.2",0,1,2,0,0,0,0,0,0,0,0,0,2,0,0,0,0,0,0,0,1,0,0,0,0,0,1,0,0,0,0,0,0,0,0,0,1,1,0,0,0,0,0,0,0,0,0,0,0,0,0,0,0,0,8,0,0,0,0
"RNU6-216P",0,0,0,0,0,0,0,0,0,0,0,0,0,0,0,0,0,0,0,0,0,0,0,0,0,0,0,0,0,0,0,0,0,0,0,0,0,0,0,0,0,0,0,0,0,0,0,0,0,0,0,0,0,0,0,0,0,0,0
"AC095061.1",0,0,0,0,0,0,0,0,0,0,0,0,0,0,0,0,0,0,0,0,0,0,0,0,0,0,0,0,0,0,0,0,0,0,0,0,0,0,0,0,0,0,0,0,0,0,0,0,0,0,0,0,0,0,0,0,0,0,0
"LCE1B",0,0,0,0,0,0,0,0,0,0,0,0,0,0,0,0,0,0,0,0,0,0,0,0,0,0,0,0,0,0,0,0,0,0,0,0,0,0,0,0,0,0,0,0,0,0,0,0,0,0,0,0,0,0,0,0,0,0,0
"RP11-535I24.2",0,0,0,1,0,0,0,1,0,0,1,0,0,0,2,0,0,0,0,0,0,0,0,1,0,0,0,0,0,1,0,0,0,0,0,0,0,0,0,0,0,0,1,0,0,0,0,0,0,1,0,0,0,0,0,0,0,0,0
"EIF2A",5103,5193,4518,4003,6400,3454,4461,4634,4044,2711,3446,2702,3317,4814,5385,3120,3099,3033,3950,2967,3209,3765,3282,4774,4484,4880,5341,5402,3318,4669,3225,4419,4983,5294,5241,5095,3983,2346,3187,5796,3645,5210,5108,4051,3947,3147,4812,4239,0,3723,4125,4102,4298,6278,3553,10529,4796,4982,4399
"RNU7-175P",0,0,0,0,0,0,0,0,0,0,0,0,0,0,0,0,0,0,0,0,0,0,0,0,0,0,0,0,0,0,0,0,0,0,0,0,0,0,0,0,0,0,0,0,0,0,0,0,0,0,0,0,0,0,0,0,0,0,0
"SALL1",38,139,119,126,141,122,134,124,79,50,113,173,284,124,196,18,26,32,120,115,81,255,112,74,84,70,98,267,391,115,95,183,92,87,139,307,49,76,86,81,96,162,150,102,107,82,108,257,0,188,107,231,191,203,62,275,132,216,227
"AC009414.1",0,1,1,0,0,1,1,0,0,0,1,2,1,1,0,1,1,0,0,0,0,0,0,0,1,0,2,0,1,0,1,1,2,2,0,2,0,1,0,0,0,0,1,0,1,0,0,0,0,1,0,0,1,2,0,0,2,0,0
"RP11-519C12.1",0,6,0,1,9,1,1,4,0,1,3,3,8,3,11,3,2,0,6,6,1,2,4,5,2,5,2,7,3,4,0,3,6,1,7,9,1,2,3,3,1,10,7,3,3,5,2,1,0,1,1,0,3,4,0,7,2,1,3
"RN7SL697P",0,0,0,0,0,0,0,0,0,0,0,0,0,0,0,0,0,0,0,0,0,0,0,0,0,0,0,0,0,1,0,0,0,0,0,0,0,0,0,0,0,0,0,0,0,0,0,0,0,0,0,0,0,0,0,0,0,0,0
"DNER",4,11,8,1,18,11,12,17,1,3,7,2,48,42,12,5,5,6,27,8,5,34,8,56,23,11,167,40,111,14,73,22,5,8,6,42,7,3,2,9,3,11,19,2,12,11,3,17,0,9,9,31,28,24,6,56,17,12,79
"SOD3",20,86,90,187,226,72,104,102,67,109,142,77,601,300,500,73,15,62,467,149,85,204,288,214,197,117,151,684,435,228,231,342,92,176,202,497,50,131,57,149,44,885,565,62,233,82,48,223,0,225,116,330,328,706,93,174,211,172,1417
"CTD-2292M14.1",0,0,0,1,0,0,0,0,0,0,1,0,0,0,0,0,0,0,0,0,0,0,0,0,0,0,0,0,0,2,0,0,0,0,0,0,1,0,0,1,0,1,0,0,0,1,0,0,0,0,0,0,2,0,0,0,0,0,0
"LINC00658",1,3,0,2,0,3,1,4,0,1,0,1,2,2,1,0,0,3,0,2,2,0,4,10,0,1,0,5,2,1,2,0,1,3,4,3,4,0,1,2,3,1,2,2,3,4,3,4,0,3,0,1,0,0,0,2,7,2,1
"GAPDHP23",2,1,3,3,2,1,1,11,6,1,4,4,10,1,5,6,5,1,0,4,3,1,3,7,8,10,8,11,0,1,2,2,3,3,5,3,6,2,3,3,2,1,3,1,3,9,2,1,0,1,7,3,1,8,9,9,6,16,0
"AC055811.1",0,0,0,0,0,0,0,0,0,0,0,0,0,0,0,0,0,0,0,0,0,0,0,0,0,0,0,0,0,0,0,0,0,0,0,0,0,0,0,0,0,0,0,0,0,0,0,0,0,0,0,0,0,0,0,0,0,0,0
"HOXB13",40,19,11,740,15,11,17,10,11,6,15,9,1,17,5,1,3,5,0,3,5,0,2,17,14,12,15,19,10,11,20,11,15,9,10,7,1,1,3,27,14,43,3,17,16,14,22,17,0,9,17,198,6,2604,43,11,25,9,72
"RP11-97C16.1",19,38,30,43,105,38,62,52,44,20,50,26,75,42,105,35,40,20,54,33,72,53,55,74,36,62,42,129,107,54,70,50,42,50,57,91,21,29,48,56,68,129,154,52,54,43,39,74,0,27,54,45,56,68,30,101,106,97,133
"RP11-1437A8.2",0,0,0,0,0,0,0,0,0,0,0,0,0,0,0,0,0,0,0,0,0,0,0,0,0,0,0,0,0,0,0,0,0,0,0,0,0,0,0,0,0,0,0,0,0,0,0,0,0,0,0,0,0,0,0,0,0,0,0
"ISCA1",1819,1688,1751,1735,2614,2303,1876,2004,2337,1107,1593,1294,1436,1578,2465,1575,1861,1288,1270,1517,1590,1189,1199,2344,1910,2461,1957,2087,1190,1535,2007,1882,2130,2268,2444,1954,2004,1108,1698,2319,1615,1767,1679,1928,1866,1591,2157,1833,0,1485,2007,1726,1620,2457,1642,3585,2021,2191,1489
"AGK",572,585,535,639,1049,439,473,543,599,470,564,424,971,1121,1089,523,469,421,932,682,515,814,606,986,1040,807,1336,1126,925,965,611,905,675,841,982,988,588,439,443,882,434,1027,949,423,631,466,471,752,0,807,573,1027,949,933,413,1385,750,857,1041
"XAGE1B",0,0,0,0,0,0,0,0,0,0,0,0,0,0,0,0,0,0,0,0,0,0,0,0,0,0,1,0,0,0,0,0,0,0,0,0,0,0,0,0,0,0,0,0,0,0,0,0,0,0,0,0,0,0,0,0,0,0,0
"RP11-191L9.5",0,0,0,2,0,1,0,0,0,0,0,0,0,0,0,0,0,0,0,0,0,0,0,0,0,1,0,0,0,0,0,1,0,0,1,0,0,0,0,0,0,0,0,0,0,0,0,0,0,0,0,0,0,0,0,0,0,0,0
"PYROXD1",2688,1960,2052,2075,3174,1867,2778,1815,3102,1047,1422,1672,1464,1199,2517,1733,2502,1404,865,1804,1936,1449,1494,2455,1770,3015,1790,1782,765,1607,2188,1555,2600,2642,2437,1867,1888,1165,2241,1996,1706,1274,1242,1962,1684,1730,2624,1655,0,1156,2148,1423,914,1862,1863,4145,1751,2400,898
"AC009478.2",0,0,0,0,0,0,0,0,0,0,0,0,0,0,0,0,0,0,0,0,0,0,0,0,0,0,0,0,0,0,0,0,0,0,0,0,0,0,0,0,0,0,0,0,0,0,0,0,0,0,0,0,0,0,0,0,0,0,0
"YBX1P1",77,112,88,115,129,84,102,144,106,97,253,179,94,166,158,46,69,68,77,73,53,94,69,161,173,151,238,131,79,160,109,137,169,135,166,180,92,52,63,202,77,127,117,69,92,68,123,87,0,115,95,81,123,179,86,189,150,96,109
"COL24A1",2,117,127,120,54,74,78,173,112,16,103,41,47,117,82,26,28,15,118,153,82,175,108,6,42,3,13,47,640,16,82,132,79,75,33,92,16,72,80,26,197,74,67,91,28,70,92,53,0,96,73,16,173,47,93,279,76,106,166
"TMEM59",15947,26875,21397,23031,27706,20395,23985,25218,22900,12421,17009,15588,14372,16785,23887,18950,24690,19694,11293,17096,17097,11240,14707,29766,26178,31823,20924,19738,9599,13510,29584,21378,26845,29247,27465,19408,25417,12517,26628,27663,16211,20021,22381,25160,18970,21609,29241,25005,0,15198,22993,15865,16267,28531,23869,40971,22925,21491,11825
"CTC-281F24.1",1,4,4,4,20,0,2,3,3,3,4,4,14,8,23,4,0,1,2,3,5,5,10,28,5,1,8,27,9,8,2,3,1,0,3,19,1,3,3,0,1,13,9,0,6,1,4,3,0,0,1,15,0,3,0,3,21,22,19
"RP11-396F22.1",0,3,4,3,8,2,6,6,2,1,4,3,2,8,4,1,0,1,8,5,4,15,5,4,0,2,3,4,7,6,6,7,7,5,5,6,2,6,3,7,3,13,8,0,4,5,8,1,0,2,4,2,3,7,2,3,4,3,6
"IMPDH1P6",0,0,1,0,1,2,0,1,0,2,1,1,0,4,4,0,0,0,2,0,1,0,1,1,3,1,7,1,3,4,2,0,0,2,2,1,1,0,0,2,0,2,4,0,1,0,1,0,0,4,0,1,2,1,0,1,0,2,5
"CTC-510F12.4",35,8,1,9,2,16,8,2,2,0,1,3,20,40,17,5,2,4,34,8,0,59,15,3,7,5,3,10,91,15,2,9,5,9,5,1,2,2,5,13,3,12,12,7,2,4,5,5,0,20,5,3,4,4,5,9,2,11,35
"CTD-2521M24.8",0,0,0,0,0,0,0,0,0,0,0,0,0,1,1,0,0,2,1,0,0,0,0,1,0,0,1,0,1,0,0,0,0,0,0,0,0,1,0,0,0,0,0,0,0,0,0,0,0,0,0,0,0,0,0,0,0,0,0
"CLEC4M",7,28,36,4,39,45,11,42,9,10,11,16,63,11,52,14,6,13,36,29,20,54,23,24,28,4,1,42,42,62,48,14,135,20,5,66,10,32,37,41,53,371,46,11,17,4,11,10,0,35,38,50,11,40,40,52,78,71,85
"PCF11",1485,2786,2540,2565,4734,2903,2998,3150,2897,1657,2080,1596,5014,3144,5927,2749,2667,2411,3128,3217,2820,3482,2937,4974,3642,3993,5444,5295,3721,3078,3266,3280,3391,3796,3494,5109,2913,1725,3186,2711,2785,4771,3535,2584,3897,2934,3318,2412,0,2396,2920,4239,2660,2696,2351,6774,4017,4594,4372
"GIN1",256,333,267,302,531,317,371,331,354,216,295,278,381,344,492,203,281,194,236,280,232,302,264,471,449,435,516,410,295,292,391,360,423,380,445,464,297,181,326,391,306,447,382,296,380,304,352,288,0,266,325,369,269,354,286,741,511,464,369
"OR7E55P",0,0,0,0,0,0,0,0,0,0,0,0,0,0,1,0,0,0,0,0,0,0,0,0,1,0,0,0,0,0,0,0,1,0,0,0,1,0,0,0,0,0,0,0,0,0,0,0,0,0,0,0,0,0,1,0,0,0,0
"PLAT",840,2520,2612,2461,1454,2101,3130,1533,2224,499,2328,3011,2039,1491,2008,630,596,658,2593,2069,1858,8595,1667,328,2104,633,655,1673,785,1537,1837,3206,2334,2607,3118,2168,1465,1952,1410,3534,1902,2652,2120,1804,1223,1853,2208,3866,0,2898,2305,965,3005,1527,1941,3708,1434,1382,2267
"RP3-468K18.6",0,0,0,0,0,0,0,0,0,0,0,0,0,0,0,0,0,0,0,0,0,0,0,0,0,0,0,0,0,0,0,1,0,0,0,0,0,0,0,0,0,0,0,0,0,0,0,0,0,0,0,0,0,0,0,0,0,0,1
"ZNF705C",0,0,0,0,0,0,0,0,0,0,0,0,0,0,0,0,0,0,0,0,0,0,0,0,0,0,0,0,0,0,0,0,0,0,0,0,0,0,0,0,0,0,0,0,0,0,0,0,0,0,0,0,0,0,0,0,0,0,0
"KRT18P56",0,0,1,0,0,1,0,0,1,0,2,2,0,2,1,0,0,2,0,1,0,1,0,2,1,0,0,2,0,1,2,0,1,0,2,1,0,0,1,0,0,0,1,0,1,0,0,1,0,0,2,0,0,1,1,1,0,1,0
"TUBB4BP1",0,0,0,0,0,0,0,0,0,0,0,0,0,0,0,0,0,0,0,0,0,0,0,0,0,0,0,0,0,0,0,0,0,0,0,0,0,0,0,0,0,0,0,0,0,0,0,0,0,0,0,0,0,0,0,0,1,0,0
"C1DP4",0,0,0,0,0,0,0,0,1,0,0,0,0,0,0,0,0,0,0,0,0,0,0,0,0,0,0,0,0,0,0,1,0,0,1,0,0,0,0,0,0,0,0,0,0,0,0,0,0,0,0,2,0,0,0,0,0,0,1
"RP11-248G5.8",0,0,0,0,0,0,0,0,0,0,0,0,0,0,0,0,0,0,0,0,0,0,0,0,0,0,0,0,0,0,0,0,0,0,0,0,0,0,0,0,0,0,0,0,0,0,0,0,0,0,0,0,0,0,0,0,0,0,0
"RNU7-180P",0,0,0,0,0,0,0,0,0,0,0,0,0,0,0,0,0,0,0,0,0,0,0,0,0,0,0,0,0,0,0,0,0,0,0,0,0,0,0,0,0,0,0,0,0,0,0,0,0,0,0,0,0,0,0,0,0,0,0
"TEFM",393,410,392,484,689,307,350,407,453,205,338,266,407,550,522,266,340,315,354,325,309,400,325,483,499,462,647,543,302,466,438,454,441,518,561,544,369,248,341,629,372,527,469,343,395,307,437,463,0,338,430,473,416,507,249,701,458,493,440
"MIR891B",0,0,0,0,0,0,0,0,0,0,0,0,0,0,0,0,0,0,0,0,0,0,0,0,0,0,0,0,0,0,0,0,0,0,0,0,0,0,0,0,0,0,0,0,0,0,0,0,0,0,0,0,0,0,0,0,0,0,0
"RNVU1-11",0,0,0,0,0,0,0,0,0,0,0,0,0,0,0,0,0,0,0,0,0,0,0,0,0,0,0,0,0,0,0,0,0,0,0,0,0,0,0,0,0,0,0,0,0,0,0,0,0,0,0,0,0,0,0,0,0,0,0
"RP11-74M13.3",0,0,0,0,0,0,0,0,0,0,0,0,0,0,0,0,0,0,0,0,0,0,0,0,0,0,0,0,0,0,0,0,0,0,0,0,0,0,0,0,0,0,0,0,0,0,0,0,0,0,0,0,0,0,0,0,0,0,0
"RP11-854K16.3",0,0,0,0,0,0,0,0,0,0,0,0,0,0,0,0,0,0,0,0,0,0,0,0,0,0,0,0,0,0,0,1,0,0,0,0,0,0,0,0,0,0,0,0,0,0,0,0,0,0,0,0,0,0,0,0,0,0,0
"RP11-380I10.2",0,1,0,0,2,1,0,0,0,0,0,0,0,0,0,0,0,1,0,0,0,0,0,0,0,0,0,0,0,0,0,0,0,0,0,4,0,0,0,0,0,0,2,0,0,0,0,0,0,0,0,0,0,0,0,0,0,0,0
"WIF1",3,9,19,23,14,2,6,12,8,0,15,2,4,2,0,5,2,15,1,4,8,7,1,3,1,2,2,1,1,0,13,3,6,14,12,23,17,4,1,4,20,1,0,5,3,6,1,0,0,1,12,1,0,3,12,24,3,6,2
"RP11-369K16.1",95,35,29,41,47,44,37,32,65,3,7,21,7,62,16,51,29,20,30,3,22,35,25,14,4,27,2,25,0,6,63,69,45,8,59,25,66,5,11,8,29,19,15,4,18,22,23,13,0,23,42,13,31,36,6,196,40,49,18
"MIR4778",0,0,0,0,0,0,0,0,0,0,0,0,0,0,0,0,0,0,0,0,0,0,0,0,0,0,0,0,0,0,0,0,0,0,0,0,0,0,0,0,0,0,0,0,0,0,0,0,0,0,0,0,0,0,0,0,0,0,0
"ITGAM",237,249,187,358,968,203,184,178,188,309,223,185,2173,1133,1342,153,31,213,1153,485,223,1498,516,1306,742,236,1918,1777,2851,738,351,703,130,394,344,1878,68,210,141,482,247,1483,858,193,809,75,211,412,0,641,254,1300,723,640,171,666,893,770,2375
"RN7SL90P",0,0,0,0,0,0,0,0,0,0,0,0,0,0,0,0,0,0,0,0,0,0,0,0,0,0,0,0,0,0,0,0,0,0,0,0,0,0,0,0,0,0,0,0,0,0,0,0,0,0,0,0,0,0,0,0,0,0,0
"RNU6-1210P",0,0,0,0,0,0,0,0,0,0,0,0,0,0,0,0,0,0,0,0,0,0,0,0,0,0,0,0,0,0,0,0,0,0,0,0,0,0,0,0,0,0,0,0,0,0,0,0,0,0,0,0,0,0,0,0,0,0,0
"XAGE1D",0,0,0,0,0,0,0,0,0,0,0,0,0,0,0,0,0,0,0,0,0,0,0,0,0,0,0,0,0,0,0,0,0,0,0,0,0,0,0,0,0,0,0,0,0,0,0,0,0,0,0,0,0,0,0,0,0,0,0
"RP11-642D21.1",0,0,1,0,0,0,0,0,0,0,0,0,0,0,0,0,0,0,0,0,0,0,0,0,0,0,0,0,0,0,0,0,0,0,0,0,0,0,0,0,0,0,0,0,0,0,0,0,0,0,0,0,0,0,0,0,0,0,0
"LHFPL1",4,4,1,2,7,4,4,5,4,5,8,0,4,11,8,4,0,4,4,7,3,2,6,5,3,1,9,13,10,4,5,2,7,6,8,15,1,5,5,4,17,2,8,2,8,6,6,5,0,4,4,2,16,5,3,19,7,21,15
"RP11-758H6.1",0,0,0,0,0,0,0,0,0,0,0,0,0,0,0,0,0,0,0,0,0,0,0,0,0,0,0,1,0,0,0,0,0,0,0,0,0,0,0,0,0,0,0,0,0,0,0,0,0,0,0,0,0,0,0,0,0,0,0
"C1orf204",16,25,49,24,72,17,75,25,7,11,33,28,75,48,32,30,12,15,24,28,44,51,37,16,19,15,43,106,28,23,25,19,65,55,15,41,15,22,71,17,25,60,42,26,21,31,50,64,0,20,21,50,46,20,20,64,48,62,63
"HIATL1",2441,2434,1913,2395,3681,1977,2091,2600,2837,1402,2172,1903,3184,3942,3586,1751,2235,1666,3215,2224,2273,2994,2123,3360,3685,3217,4340,3497,3192,3368,2551,2998,3119,3489,3658,3663,2406,1723,2008,3017,1906,3170,2837,2357,2242,1868,2383,2547,0,2460,2375,3017,3072,3332,1869,5952,2578,3225,3796
"RNU6-19P",0,0,0,0,0,0,0,0,0,0,0,1,0,0,1,0,0,0,0,0,0,0,0,0,0,0,0,0,0,0,0,0,0,0,0,0,0,0,0,0,0,0,0,0,0,0,0,1,0,0,1,0,0,0,0,0,0,0,0
"RP11-1055B8.7",99,559,584,450,439,260,644,600,407,260,550,321,537,414,713,394,531,529,462,481,455,268,530,734,556,631,304,469,493,229,688,561,848,976,433,440,426,373,417,585,327,563,514,578,400,479,565,419,0,408,546,281,352,503,353,751,436,245,470
"IFT27",388,508,391,631,669,348,639,544,430,326,425,408,612,656,871,422,383,522,577,460,376,528,538,762,746,541,704,683,491,558,616,613,597,761,571,573,491,342,514,634,386,702,893,498,471,510,419,448,0,470,464,571,435,618,349,674,552,623,543
"NRTN",9,7,6,7,7,13,11,6,13,4,6,4,11,8,9,10,9,8,11,2,2,6,10,11,7,17,11,17,2,3,11,8,6,5,9,7,10,7,4,15,5,9,20,4,5,3,6,8,0,2,7,11,6,12,5,7,6,8,8
"MIR548AN",0,0,0,0,0,0,0,0,0,1,0,0,0,0,0,0,1,0,0,0,0,0,1,0,0,0,0,0,0,0,0,0,0,0,3,0,0,0,0,0,0,0,0,0,0,0,0,0,0,0,0,0,0,1,0,0,0,0,0
"NDUFC2",336,682,632,616,955,628,715,784,612,389,591,479,584,516,791,697,630,591,382,606,627,466,578,969,705,1069,732,737,259,567,1022,674,842,922,723,642,910,469,732,753,561,679,732,799,675,745,765,640,0,516,775,642,434,785,748,1350,705,820,358
"THNSL1",278,498,469,334,647,264,447,506,365,275,365,124,434,323,654,341,424,415,274,383,394,279,288,679,450,531,477,553,181,525,484,411,432,467,444,513,468,205,356,568,417,487,414,381,498,398,599,481,0,327,337,406,430,481,463,905,578,523,351
"CTD-2369P2.2",69,114,68,131,286,64,48,90,71,73,161,79,543,262,326,91,23,49,239,164,74,405,220,387,186,103,1587,569,270,313,244,139,91,90,130,756,74,91,92,175,110,368,325,82,261,70,99,124,0,160,118,373,263,333,78,272,296,259,456
"SDCBP2",12163,7891,7522,9620,8412,8833,10849,8649,9543,4684,7588,12261,4888,6336,8289,8732,10085,10393,2965,5785,6547,4624,8430,9584,12018,16402,7515,5631,117,8392,12044,8560,12307,11759,11686,5872,10518,6462,7044,13913,4084,5547,9194,12807,7430,6668,5163,8017,0,5784,10021,4813,2701,12743,8774,11907,6714,6443,1755
"AC073254.1",5,2,0,0,0,2,1,1,1,1,1,1,0,0,1,0,0,0,1,0,0,0,0,0,1,1,0,0,0,0,1,3,0,1,1,0,0,1,2,0,0,1,2,2,1,0,1,0,0,1,1,0,2,3,0,0,0,1,1
"RP11-458D21.6",0,1,0,0,4,2,0,2,0,1,1,1,8,1,3,1,1,2,2,0,4,0,2,15,1,3,5,6,9,1,1,2,1,2,2,5,2,0,1,1,0,7,2,0,2,3,0,2,0,8,1,1,2,7,1,8,5,6,4
"PRDM14",0,0,0,0,0,0,0,0,1,0,0,2,0,0,0,0,0,0,2,0,0,0,0,0,0,0,0,0,2,0,1,0,0,0,1,0,0,0,0,1,0,0,0,0,1,0,0,0,0,1,0,0,1,0,0,0,0,0,0
"CCDC68",3599,4919,3557,3900,4177,4399,4048,4239,5226,1984,2784,4309,1656,2224,3688,2838,3791,2054,1483,2871,2881,2618,2293,2516,3738,5142,2494,2203,197,2287,3983,2863,4471,4443,6316,2754,3133,2595,3986,4328,2986,2184,1960,4182,2844,2844,3729,2274,0,2070,4713,2295,1513,3560,2417,8782,2947,4018,707
"LINC00441",0,2,2,1,1,5,4,5,5,4,3,1,4,0,1,1,3,1,2,2,2,0,2,5,6,5,4,6,6,3,1,3,0,4,7,5,0,2,1,2,0,1,1,0,10,0,1,5,0,0,1,5,0,13,2,8,4,1,3
"PMF1-BGLAP",0,0,0,0,0,0,0,0,0,0,0,0,0,0,0,0,0,0,0,0,0,0,0,0,0,0,0,0,0,0,0,0,0,0,0,0,0,0,0,0,0,0,0,0,0,0,0,0,0,0,0,0,0,0,0,0,0,0,0
"YTHDF1",1765,1350,1204,1389,2150,1333,1326,1612,1808,811,1478,1242,2207,2098,2698,1324,1428,1186,1686,1601,1426,2036,1509,2236,2167,2061,2369,2323,1590,1865,1744,1752,1870,1972,1865,2190,1718,1242,1289,2099,1152,2100,2251,1456,1453,1303,1500,1404,0,1470,1537,1814,1708,2087,1357,2704,1919,1784,1969
"RP1-209B5.2",0,0,0,1,2,0,0,0,2,0,3,3,0,0,0,0,0,0,1,0,0,0,0,1,3,1,1,3,0,5,0,0,1,1,1,1,0,0,0,0,0,3,0,1,0,0,0,0,0,1,0,2,1,2,3,1,0,1,3
"RP11-552F3.9",11,8,4,9,3,5,14,13,10,3,12,3,12,31,14,8,9,7,28,11,7,11,8,25,25,10,9,9,12,19,6,23,13,20,14,12,10,2,1,13,7,18,14,10,4,5,3,25,0,15,11,4,15,3,6,14,6,9,25
"RP11-896J10.3",0,0,0,0,0,0,0,0,0,0,0,0,0,0,0,0,0,0,0,0,0,0,0,0,0,0,0,0,0,0,0,0,0,0,0,0,0,0,0,0,0,0,0,0,0,0,0,0,0,0,0,0,0,0,0,0,0,0,0
"MIR549",0,0,0,0,0,0,0,0,0,0,0,0,0,0,0,0,0,0,0,0,0,0,0,0,0,0,0,0,0,0,0,0,1,0,0,0,0,0,0,0,0,0,0,0,0,0,0,0,0,0,0,0,0,0,0,0,0,0,0
"AC079630.4",0,0,3,7,11,1,5,2,3,4,2,0,14,16,13,1,0,1,29,15,6,14,8,39,11,1,20,33,50,6,5,8,0,10,3,13,2,4,3,3,2,8,17,2,20,1,5,3,0,7,3,24,7,8,4,18,18,16,39
"CTB-1I21.2",0,0,0,0,0,0,0,0,0,0,2,0,0,0,1,0,0,1,0,1,0,0,0,0,2,1,0,0,0,0,1,0,0,1,0,0,0,0,0,0,0,0,0,0,0,0,1,0,0,0,0,1,0,0,0,0,0,0,0
"MED14P1",0,0,0,0,0,0,0,0,0,0,0,0,0,0,0,0,0,0,0,0,0,0,0,0,0,0,0,0,0,0,0,0,0,0,0,0,0,0,0,0,0,0,0,0,0,0,0,0,0,0,0,0,0,0,0,0,0,0,0
"RPS21",7473,6335,6344,10090,9851,4598,7645,8725,6232,6837,9223,3450,14728,16392,20864,6344,6103,8568,9926,5255,4387,5380,9706,21329,15532,15033,15955,17658,8178,15431,11684,10726,11711,13241,15045,14426,11217,6627,5323,14526,3540,15793,19049,5896,10920,5869,5559,7284,0,6464,8010,12812,6121,15813,6707,8884,14674,5876,14926
"AC005863.1",1,0,0,0,0,0,0,0,0,0,0,0,2,0,1,0,0,0,0,0,0,0,0,0,0,0,2,0,0,0,0,0,0,0,0,0,0,0,0,0,0,0,0,0,0,0,0,0,0,0,0,0,0,0,0,0,1,0,0
"RN7SL223P",0,0,0,1,0,0,0,0,0,0,0,0,0,0,0,0,0,0,0,0,0,0,0,0,0,0,0,0,0,0,0,0,0,0,0,0,0,0,0,0,0,0,0,0,0,0,0,0,0,0,0,0,0,0,0,0,0,0,0
"CTD-2587H19.3",0,1,1,0,0,0,0,1,0,0,1,0,1,0,1,0,0,0,1,0,3,1,1,0,0,0,0,2,1,0,2,2,0,0,0,1,1,0,3,0,0,0,0,0,0,0,1,0,0,1,1,0,0,0,0,1,0,0,0
"MIR3713",0,0,0,0,0,0,0,0,0,0,0,0,0,0,0,0,0,0,0,0,0,0,0,0,0,0,0,0,0,0,0,0,0,0,0,0,0,0,0,0,0,0,0,0,0,0,0,0,0,0,0,0,0,0,0,0,0,0,0
"AC103801.2",0,1,3,3,7,3,0,4,3,3,3,3,7,1,9,0,5,4,3,6,5,2,7,8,12,10,7,9,5,2,11,9,6,4,9,5,3,2,0,7,2,5,5,2,2,6,7,3,0,2,7,9,10,8,2,10,2,2,1
"AC007682.2",0,0,0,0,0,0,0,0,0,0,0,0,0,0,0,0,0,0,0,0,0,0,0,0,0,0,0,0,0,0,0,0,0,0,0,0,0,0,0,0,0,0,0,0,0,0,0,0,0,0,0,0,0,0,0,0,0,0,0
"LIMS3",0,0,0,1,0,0,1,0,0,0,1,0,2,0,0,1,0,0,0,0,0,1,0,1,0,0,0,0,1,1,1,1,0,0,0,0,0,1,1,0,0,1,0,1,1,0,0,0,0,0,0,0,2,0,0,0,0,0,0
"AC006465.4",0,0,0,1,1,1,0,0,0,0,2,0,1,0,0,0,0,1,0,0,0,0,0,0,0,1,1,0,1,1,0,1,0,0,0,1,0,1,1,1,0,0,0,0,0,0,0,0,0,0,0,0,0,1,0,0,2,0,3
"RP11-375A20.1",0,0,0,3,0,0,1,0,0,0,2,0,0,0,0,0,0,1,1,0,0,1,0,1,0,0,0,0,0,0,0,1,0,0,0,1,0,0,0,0,2,0,0,0,0,0,1,0,0,0,0,0,0,0,0,0,1,0,0
"RNU5D-2P",0,0,0,0,0,0,0,0,0,0,0,0,0,0,0,0,0,0,0,0,0,0,0,0,0,0,0,0,0,0,0,0,0,0,0,0,0,0,0,0,0,0,0,0,0,0,0,0,0,0,0,0,0,0,0,0,0,0,0
"IGHV3-54",0,0,1,4,1,0,0,0,0,2,3,0,0,1,0,1,0,0,1,0,0,2,1,0,5,0,2,0,23,0,1,5,0,0,1,2,0,0,0,0,0,1,1,0,2,0,0,0,0,4,0,3,3,0,1,0,1,1,3
"EMX2",1,1,0,0,0,0,1,0,1,8,3,0,1,0,3,0,2,0,0,0,0,0,1,0,1,0,1,2,7,1,2,1,2,1,5,3,0,1,6,0,0,6,1,0,0,0,0,7,0,1,0,0,2,1,2,6,2,3,0
"DCD",0,0,0,0,0,1,0,0,1,0,0,0,1,0,0,0,0,0,0,0,0,0,0,0,0,0,0,0,0,0,0,0,0,0,0,0,0,0,1,0,0,0,0,0,0,0,1,0,0,0,0,0,0,0,0,0,1,0,0
"RP11-77P6.2",9,26,29,10,33,13,17,22,14,4,26,22,19,11,42,30,8,18,30,29,38,22,22,17,11,12,19,33,18,15,20,14,10,14,10,22,13,13,21,7,34,39,32,25,22,18,23,29,0,12,17,23,9,9,14,18,24,52,37
"CTC-251D13.1",12,65,49,50,60,50,89,69,42,20,47,77,43,15,96,35,35,56,18,53,94,26,73,60,25,83,35,33,13,6,53,28,84,94,47,46,37,51,41,48,53,54,99,50,30,77,54,22,0,21,37,36,6,18,75,121,70,105,13
"ANKRD44",199,395,293,518,1614,313,249,389,413,403,472,278,1942,1075,2279,393,224,263,828,829,394,1097,835,1809,1046,597,2006,1889,2512,865,713,802,520,603,790,1795,230,380,509,402,539,2075,575,295,1541,451,379,419,0,609,378,1602,708,568,280,1288,1400,1419,2152
"RP5-1006K12.1",0,0,0,0,0,0,0,0,0,0,0,0,0,0,0,0,0,0,0,0,0,0,0,0,0,0,0,0,0,0,0,0,0,0,0,0,0,0,0,0,0,0,0,0,0,0,0,0,0,0,0,0,0,0,0,0,0,0,0
"FOXD4L2",0,0,0,0,0,0,0,2,1,0,0,0,0,0,2,0,0,0,0,0,0,0,0,0,1,0,0,0,0,1,0,0,0,0,0,0,0,0,1,0,0,0,0,0,1,0,0,1,0,0,0,0,0,0,0,0,0,0,0
"AC013437.2",0,0,0,1,0,0,0,0,0,0,0,0,0,0,0,0,1,1,0,0,0,0,1,0,0,0,1,0,1,0,0,0,0,0,1,0,0,0,0,0,0,0,2,0,0,0,2,1,0,0,0,0,1,0,0,0,0,0,0
"AC073043.1",0,3,3,0,2,6,9,3,1,1,4,1,6,3,5,1,3,0,3,6,4,2,2,10,0,6,14,13,4,2,3,1,9,1,1,12,1,0,5,0,5,5,5,3,1,4,0,9,0,1,4,0,0,3,6,3,3,19,5
"MAPK7",568,500,473,591,661,725,604,575,586,291,450,553,704,606,735,465,487,451,478,515,430,448,614,640,743,794,694,604,509,488,605,521,633,710,758,569,485,384,400,863,324,654,729,557,442,365,494,648,0,513,555,464,427,962,490,799,479,377,656
"TBL1X",288,396,401,550,841,317,363,431,404,288,463,371,1363,973,1397,250,213,307,776,576,366,851,646,1055,817,442,1508,1286,1882,786,648,617,442,541,623,1038,383,335,405,553,443,1600,939,367,883,414,403,920,0,549,527,917,840,794,298,1220,987,866,1795
"RNU6-1091P",0,0,0,0,0,0,0,0,0,0,0,0,0,1,0,0,0,0,0,0,0,0,0,0,0,0,0,0,0,0,0,0,0,0,0,0,0,0,0,0,0,0,0,0,0,0,0,0,0,0,0,0,0,0,0,0,0,0,0
"CYP2D7P1",3,38,133,98,22,155,42,121,18,5,23,29,67,10,67,23,9,19,35,151,24,17,50,9,5,104,5,27,32,7,15,61,8,18,6,19,12,33,18,11,20,31,43,45,13,9,13,6,0,11,11,10,1,21,12,32,57,31,28
"RP11-146D12.2",1,0,1,2,1,0,5,0,2,0,0,2,1,0,8,0,1,4,3,1,4,3,2,2,0,3,0,2,0,4,5,3,15,4,5,0,1,0,3,0,3,2,0,3,3,0,1,2,0,2,1,0,0,7,3,3,0,2,2
"FAM87B",0,1,1,0,1,2,1,0,0,1,0,4,5,1,1,1,0,0,1,0,2,2,2,2,2,0,0,2,4,0,1,2,4,0,0,1,0,2,0,2,0,3,2,1,1,2,1,3,0,0,1,1,4,3,0,0,1,3,3
"RP11-465N4.4",512,136,126,129,93,345,162,155,222,53,88,215,55,194,119,149,145,64,130,86,55,256,100,110,248,191,63,35,6,203,198,142,155,240,432,78,245,105,101,293,107,97,127,107,77,105,90,230,0,131,312,81,132,186,155,124,123,92,33
"HMGB1P30",0,1,0,0,0,0,0,0,0,0,0,0,0,0,1,0,0,0,0,0,0,0,0,0,0,0,0,0,0,0,0,1,0,1,0,0,0,0,0,0,0,0,0,0,0,0,0,0,0,0,0,0,0,1,0,0,0,0,0
"RP11-927P21.12",0,0,0,0,0,0,0,0,0,0,0,0,0,0,0,0,0,0,0,0,0,0,0,0,0,0,0,0,0,0,0,0,0,0,0,0,0,0,0,0,0,0,0,0,0,0,0,0,0,0,0,0,0,0,0,0,0,0,0
"RPS8P6",0,0,0,0,0,1,0,0,0,0,0,0,0,0,1,0,0,0,0,0,0,0,0,0,1,0,0,1,1,0,0,2,1,0,0,0,0,0,0,0,0,1,0,0,0,0,0,0,0,0,0,0,0,0,0,0,0,0,0
"MIR4790",0,0,0,0,0,0,0,0,0,0,0,0,0,0,0,0,0,0,0,0,0,0,0,0,0,0,0,0,0,1,1,0,0,0,0,0,0,0,0,0,0,0,0,0,0,0,0,0,0,0,0,0,0,0,0,0,0,0,0
"MBOAT4",2,1,0,0,1,0,2,2,0,5,1,0,3,3,2,19,1,1,4,0,0,1,2,1,2,3,3,1,1,7,0,7,0,4,0,2,4,2,0,7,3,0,0,2,1,0,0,5,0,1,1,4,5,1,2,4,0,9,2
"AC006077.4",0,0,0,0,0,0,0,0,0,0,0,0,0,0,0,0,0,0,0,0,0,0,0,0,0,0,0,0,0,1,0,0,0,0,0,0,0,0,0,0,0,0,0,0,0,0,0,0,0,0,0,0,0,0,0,0,0,0,0
"AC012485.2",0,15,17,12,12,8,21,6,8,6,10,2,5,10,9,26,21,13,2,15,12,0,8,22,12,9,1,12,0,9,16,12,23,18,15,2,18,15,11,17,26,16,19,7,13,10,8,6,0,8,11,3,3,7,17,6,23,21,0
"GUCY1B3",29,190,160,185,766,99,153,158,137,142,194,167,859,874,853,67,39,96,787,342,156,779,346,278,267,84,306,1253,1785,553,240,734,150,197,270,872,71,220,143,240,133,1588,659,82,589,151,116,221,0,513,188,836,971,833,107,827,748,1063,2971
"TEDDM1",0,0,0,0,0,0,0,0,0,0,0,0,0,1,0,0,0,1,0,0,0,1,0,0,0,1,0,0,0,0,0,0,0,1,0,0,0,0,0,0,0,0,0,0,0,0,0,0,0,0,0,0,0,0,0,1,0,0,0
"KIAA1239",1,4,3,9,5,2,8,2,1,6,0,1,0,1,2,0,5,3,1,2,5,1,0,0,5,9,1,2,0,1,0,3,6,0,4,0,9,2,3,0,2,0,1,3,2,7,0,31,0,0,5,0,3,17,7,9,3,6,2
"OR7E100P",0,1,1,0,0,0,0,0,0,0,0,0,0,0,0,0,0,0,0,0,0,0,2,0,0,0,0,0,0,0,0,0,0,3,0,0,1,0,2,0,1,0,0,1,0,0,0,0,0,0,1,0,0,0,0,0,0,0,2
"TXLNA",2563,2285,1866,2278,3631,2047,2075,2311,2655,1348,1880,1668,3635,4040,3844,1882,1804,1740,3615,2237,1879,3733,2368,3567,3824,2803,4267,3695,3923,3393,2378,3384,2572,3185,3469,3536,2321,1653,1709,3508,1935,4386,3648,2033,2344,1791,2249,2738,0,3136,2386,2883,3806,3396,1792,4718,2707,2632,4625
"RN7SL686P",0,0,0,0,0,0,0,0,0,0,1,0,0,0,0,0,0,0,0,0,0,0,0,0,0,0,0,0,0,0,0,0,0,0,0,0,0,0,0,0,0,0,0,0,0,0,0,0,0,0,0,0,0,0,0,0,0,0,0
"DUXAP7",0,0,0,0,0,0,0,0,0,0,0,0,0,0,0,0,0,0,0,0,0,0,0,0,0,0,0,0,0,0,0,0,0,0,0,0,0,0,0,0,0,0,0,0,0,0,0,0,0,0,0,0,0,0,0,0,0,0,0
"RNU6-335P",0,0,0,0,0,0,0,0,0,0,0,0,0,0,0,0,0,0,0,0,0,0,0,0,0,0,0,0,0,0,0,0,0,0,0,0,0,0,0,0,0,0,0,0,0,0,0,0,0,0,0,0,0,0,0,0,0,0,0
"OR52M1",0,0,0,0,0,0,0,0,0,0,0,0,0,0,0,0,0,0,0,0,0,0,0,0,0,0,0,1,0,0,0,0,1,0,0,1,0,0,0,0,0,0,0,0,0,0,0,0,0,0,0,0,0,0,0,0,0,0,0
"RP11-204C16.4",37,26,22,23,40,25,15,26,28,18,23,37,17,33,38,15,17,11,15,19,14,25,17,34,35,34,44,29,32,28,26,19,25,25,33,33,15,10,9,19,8,17,13,24,15,18,19,35,0,26,16,19,26,31,19,52,22,25,20
"HLA-P",0,0,1,1,3,1,1,1,2,2,1,0,1,2,1,0,1,0,0,3,1,0,2,0,4,0,0,1,1,2,1,0,1,0,2,2,1,0,0,1,0,1,2,0,0,0,0,1,0,0,0,0,0,1,0,2,1,0,5
"HSFY1",0,0,0,0,0,0,0,0,0,0,0,0,0,0,0,0,0,0,0,0,0,0,0,0,0,0,0,0,0,0,0,0,0,1,0,0,0,0,0,0,0,0,1,0,0,0,0,0,0,0,0,0,0,0,0,0,0,0,0
"COPB1",12715,7861,6977,6985,10834,7780,7610,7102,8057,4416,5374,5306,5385,9036,9501,5448,6412,5551,7266,5730,6020,6889,4934,9602,11281,9942,9489,8036,6137,9333,7779,9124,8679,10349,12249,7753,8105,4469,5912,10553,6391,8412,7355,7306,7170,6393,8495,6802,1,8643,9011,6825,8269,8953,6038,14583,8562,8434,6811
"MIR3972",0,0,0,0,0,0,0,0,0,0,0,0,0,0,0,0,0,0,0,0,0,0,0,0,0,0,0,0,0,0,0,0,0,0,0,0,0,0,0,0,0,0,0,0,0,0,0,0,0,0,0,0,0,0,0,0,0,0,0
"CTC-523E23.14",0,0,0,1,0,0,0,0,0,0,0,1,0,1,0,0,0,0,0,0,0,0,0,0,0,0,0,0,0,0,0,0,0,0,0,0,0,0,0,0,0,0,0,0,0,0,0,0,0,0,0,0,0,0,0,0,0,1,0
"RP4-764O22.1",0,0,0,1,0,0,0,0,0,0,0,0,0,0,2,0,0,0,0,1,0,0,0,0,0,0,0,1,0,0,0,0,0,0,0,0,0,0,0,0,0,0,0,0,0,0,0,0,0,0,0,0,0,2,0,0,0,2,0
"RP6-166C19.19",0,0,0,0,0,0,0,0,0,0,0,0,0,0,0,0,0,0,0,0,0,0,0,0,0,0,0,0,0,0,0,0,0,0,0,0,0,0,0,0,0,0,0,0,0,0,0,0,0,0,0,0,0,0,0,0,0,0,0
"LINC00665",38,62,69,67,200,73,58,107,40,72,49,64,416,196,353,100,94,146,230,172,134,151,264,180,172,216,621,437,235,195,159,182,132,173,159,383,52,59,54,312,75,345,258,42,151,95,68,133,0,132,73,245,171,186,84,382,311,198,470
"MMP24",25,213,175,135,255,86,199,233,193,110,215,159,55,30,283,95,392,135,13,136,258,21,89,120,43,262,107,93,17,13,339,33,189,129,47,141,322,109,162,126,164,99,167,352,131,213,105,41,0,25,201,103,10,270,253,377,124,111,12
"RNU6-724P",0,0,0,0,0,0,0,0,0,0,0,0,0,0,0,0,0,0,0,0,0,0,0,0,0,0,0,0,0,0,0,0,0,0,0,0,0,0,0,0,0,0,0,0,0,0,0,0,0,0,0,0,0,0,0,0,0,0,0
"RP11-190P13.1",1,0,0,0,0,0,2,1,1,0,0,0,0,0,0,0,0,1,0,0,0,0,1,2,4,1,1,1,0,0,2,1,2,0,2,0,0,0,2,0,0,0,0,1,1,0,1,0,0,0,2,0,0,1,0,2,1,0,0
"RIN2",1300,2450,2106,2185,2442,1524,2102,2411,2159,1385,1489,1455,1813,1913,2359,1993,2021,2168,1581,2024,1919,1706,1678,1876,3183,2271,1870,1865,2323,1844,2477,2070,2339,2789,2645,1886,2687,1486,2235,2515,1786,2188,2161,2164,1738,1934,3354,1671,0,1882,2803,1406,1811,2935,2340,4997,1927,2383,1859
"CTA-797E19.2",0,0,0,0,0,0,0,0,0,0,0,0,0,0,0,0,0,0,0,0,0,0,0,0,0,0,2,0,0,0,0,0,0,0,0,1,0,0,0,0,0,0,0,0,0,0,0,0,0,0,0,0,0,0,0,0,0,0,0
"CHCHD6",115,82,85,95,111,58,80,86,65,78,104,56,170,161,105,54,52,81,192,90,52,75,100,232,171,107,146,225,139,131,104,144,102,120,130,150,68,46,42,197,52,212,172,93,132,55,59,129,0,162,101,165,116,195,58,117,133,97,152
"ABC12-47043100G14.2",0,0,0,0,0,0,0,0,0,0,0,0,0,0,0,0,0,0,0,0,0,0,0,0,0,0,0,0,0,0,0,0,0,0,0,0,0,0,0,0,0,0,0,0,0,0,0,0,0,0,0,0,0,0,0,0,0,0,0
"SLC7A14",1,38,34,30,36,34,24,55,37,16,20,13,13,3,37,43,44,25,53,13,39,17,45,44,13,59,17,19,2,7,33,33,61,52,53,32,47,14,23,36,44,4,18,52,10,53,23,30,0,7,28,5,21,24,53,74,51,44,18
"WNT9B",6,35,16,6,23,2,33,5,24,5,3,26,5,4,11,1,2,9,1,5,8,1,10,10,3,17,14,15,1,0,25,2,4,1,11,15,8,13,16,1,10,2,5,22,10,25,18,0,0,3,6,10,5,32,7,14,29,16,0
"KIAA0125P2",0,0,0,1,0,0,0,0,0,0,0,0,1,0,2,0,0,0,0,0,0,0,0,0,0,0,1,0,0,0,0,0,0,0,0,0,0,0,0,0,0,0,0,0,0,0,0,0,0,0,0,1,0,0,0,0,0,0,0
"RP11-882G5.1",0,0,0,0,0,0,0,0,0,0,0,0,0,0,0,0,0,0,0,0,0,0,0,1,0,0,0,0,0,0,0,0,0,0,0,0,0,0,0,0,0,0,0,0,0,0,0,0,0,0,0,0,0,0,0,1,0,0,0
"ITM2BP1",0,0,0,0,0,0,0,1,0,0,0,0,0,0,0,0,0,0,0,0,0,0,0,0,0,1,0,0,0,0,0,0,0,0,0,0,0,0,0,0,0,0,1,0,0,1,0,0,0,0,0,0,0,0,0,0,0,0,0
"RPS12P31",0,0,0,1,0,1,0,0,1,0,0,0,0,2,0,0,0,0,0,0,0,0,0,0,0,0,0,0,0,1,0,0,2,1,0,1,0,0,0,0,0,0,0,1,0,0,1,1,0,0,0,1,0,0,0,1,1,0,0
"WDR48",1564,2876,2529,2399,3931,2300,2657,2500,2688,1527,2157,1535,2853,2477,3851,2457,2459,2037,1851,2608,1982,2091,1950,3613,3319,3288,3916,3339,1994,2325,3005,2703,3005,3461,3686,3296,2757,1658,2383,2916,2239,3298,2553,3204,2749,2487,2862,2463,0,1941,2819,2916,2419,2873,2707,5658,2994,4220,2583
"RP11-216N14.9",0,0,0,0,0,0,0,0,0,0,0,1,0,0,0,0,0,0,0,0,1,3,0,0,0,0,0,2,0,0,0,0,0,0,0,0,0,0,0,0,0,0,0,0,0,1,0,0,0,0,0,0,1,0,0,0,0,0,0
"CRY1",1007,473,745,677,983,559,682,821,771,374,631,1067,671,1246,1075,687,610,564,990,854,743,872,796,829,1271,908,603,879,689,852,806,1049,669,1010,1597,799,1108,544,532,1287,701,1081,724,910,598,770,850,678,0,818,1450,731,723,1021,795,1579,1054,1294,1006
"FAM138D",0,0,0,0,0,0,0,0,0,0,0,0,0,0,0,0,0,0,0,0,0,0,0,0,0,0,0,0,0,0,0,0,0,0,0,0,0,0,0,0,0,0,0,1,0,0,0,1,0,0,0,0,0,0,0,0,0,0,0
"AC010723.2",0,0,0,0,0,0,0,0,0,0,0,0,0,0,0,0,0,0,0,0,0,0,0,0,0,0,0,0,0,0,0,0,0,0,0,0,0,0,0,0,0,0,0,0,0,0,0,0,0,0,0,0,0,0,0,0,0,0,0
"AMTN",0,0,0,0,0,0,0,0,0,0,0,0,0,0,1,0,0,0,2,0,0,0,0,0,0,0,0,0,0,0,0,0,1,0,0,0,0,0,0,0,0,0,0,0,0,0,0,0,0,0,0,0,0,2,0,0,0,1,0
"RNU6-1",3,1,7,14,5,2,7,2,3,5,2,5,6,12,7,0,2,2,4,6,2,15,3,11,10,9,3,7,8,10,17,3,4,8,13,5,8,8,2,4,2,4,4,1,2,0,3,4,0,1,1,2,1,1,2,5,11,6,1
"CCDC112",259,431,356,357,592,244,390,370,260,315,351,309,399,444,537,333,402,261,376,370,357,303,332,384,526,440,395,516,345,460,353,531,473,593,588,414,420,262,335,488,337,510,493,342,452,335,423,704,0,463,415,370,570,541,306,897,405,499,359
"TUBB4BP2",0,0,0,0,1,1,0,0,0,0,0,0,0,0,0,0,0,0,1,0,0,0,0,0,0,1,0,1,0,0,0,0,0,0,0,1,0,0,0,0,0,0,0,0,0,0,0,0,0,0,1,0,0,0,0,0,0,0,0
"RP11-31L23.3",0,0,1,2,0,0,0,1,0,0,0,0,0,0,0,0,0,0,0,0,0,0,0,0,0,0,0,0,0,0,0,0,0,0,0,0,0,0,0,0,0,0,0,0,0,0,0,0,0,0,0,0,0,1,1,1,0,0,0
"AL137229.1",0,0,0,0,0,0,1,2,0,1,1,0,2,0,0,0,0,0,0,0,0,2,1,0,0,0,0,2,0,0,1,2,1,0,0,0,0,0,1,0,0,0,2,2,0,0,1,0,0,0,0,3,0,0,0,3,0,1,0
"ERCC6L",158,139,115,123,250,73,132,95,80,99,76,48,246,321,151,90,77,87,282,147,117,166,120,231,251,178,776,228,114,384,106,240,180,240,270,383,114,58,74,305,91,156,150,83,104,86,107,135,0,261,96,214,227,196,99,296,119,197,212
"RP11-736G13.1",0,0,0,0,0,0,0,0,0,0,0,0,0,0,0,0,0,0,0,0,0,0,0,0,0,0,3,0,0,0,0,0,0,0,0,0,0,0,0,0,0,0,0,0,0,0,0,0,0,0,0,0,0,0,1,0,1,0,1
"RP11-237D3.1",0,0,0,0,0,0,0,0,0,0,0,0,0,0,0,0,0,0,0,0,0,0,0,0,0,0,0,0,0,0,0,0,0,0,0,0,0,0,0,0,0,0,0,0,0,0,0,0,0,0,0,0,0,0,0,0,0,0,0
"RP11-381E24.1",2,4,8,12,25,5,7,9,6,10,9,10,16,9,20,10,6,12,31,9,6,21,13,13,13,10,39,14,19,24,9,12,23,13,16,30,6,5,10,12,19,17,13,7,12,10,6,10,0,15,8,14,4,7,5,21,8,17,9
"RP11-1258F18.1",0,0,0,0,1,0,0,0,0,0,0,0,0,0,0,0,0,0,0,0,0,0,0,0,0,0,0,0,0,0,0,0,0,1,0,0,0,0,0,0,0,0,0,0,0,0,0,0,0,0,0,0,0,0,0,0,0,0,0
"GADD45G",155,103,83,170,106,234,150,198,214,72,132,112,173,270,193,156,104,119,276,107,122,74,244,185,264,403,141,188,104,136,292,259,202,358,469,149,261,194,79,416,61,211,257,165,107,91,91,128,0,121,204,112,176,227,147,159,164,49,150
"RP11-49C9.2",3,4,2,4,9,4,4,7,5,4,7,3,3,7,10,2,3,3,3,5,4,9,8,8,9,6,10,8,4,3,4,6,7,6,3,7,3,2,3,5,5,13,2,2,2,2,5,1,0,1,6,7,4,5,5,8,9,15,10
"AC073257.2",0,0,0,0,0,0,0,0,0,0,0,1,1,1,2,0,3,0,2,0,0,0,0,0,0,0,0,0,8,1,0,0,0,0,0,1,0,1,0,0,1,6,4,0,0,0,0,4,0,0,0,0,2,0,0,0,0,0,0
"RP11-124G5.1",1,0,0,0,1,0,1,0,0,0,1,0,0,1,0,0,0,0,1,0,0,0,0,0,0,0,1,0,0,0,2,0,0,1,1,1,0,0,0,1,0,1,1,0,0,0,1,0,0,0,0,0,0,1,0,1,0,0,0
"C21orf58",57,99,107,109,128,99,156,127,70,77,89,62,256,140,181,119,86,128,235,121,138,82,138,179,176,106,344,205,101,189,86,191,185,149,204,255,113,92,66,173,79,184,145,110,77,92,77,138,0,164,110,131,90,138,78,159,164,145,142
"OTUD6B",296,293,253,326,494,314,309,344,377,193,250,238,464,445,537,243,196,164,403,327,335,643,299,438,316,329,658,465,519,410,274,339,336,369,354,591,214,269,248,391,299,465,318,214,312,249,273,309,0,311,254,511,435,365,175,619,399,547,497
"MTM1",1252,1626,1455,1774,1995,1433,1589,1699,1706,896,1133,1430,1390,1480,2151,1245,1412,948,960,1534,1313,1285,1165,1905,2098,1914,1913,1581,971,1653,1642,1760,2026,2124,2105,1797,1327,932,1335,1869,1248,1400,1084,1571,1460,1275,1698,1987,0,1221,1605,1586,1264,2094,1358,3446,1568,2088,1284
"RP11-91A15.2",0,0,0,0,0,0,0,0,0,0,0,0,0,0,0,0,0,0,0,0,0,0,0,1,0,1,0,1,0,0,0,0,0,0,0,0,0,0,0,0,0,0,0,0,0,0,0,0,0,0,0,0,0,0,0,0,1,0,0
"RP11-793H13.8",0,0,0,0,0,0,0,0,0,0,0,0,0,0,0,0,0,0,0,0,0,0,0,0,0,0,0,0,0,0,0,0,0,0,0,0,0,0,0,0,0,0,0,0,0,0,0,0,0,0,0,0,0,0,0,0,0,0,0
"RP11-442N1.1",0,0,0,0,0,0,0,0,0,0,0,0,0,0,0,0,0,0,0,0,0,0,0,0,0,0,0,0,0,0,0,0,0,0,0,0,0,0,0,0,0,0,0,0,0,0,0,0,0,0,0,0,0,0,0,0,0,0,0
"AC012305.1",0,0,0,0,0,0,0,0,0,0,0,0,0,0,0,0,0,0,0,0,0,0,0,0,0,0,0,0,0,0,0,0,0,0,0,0,0,0,0,0,0,0,0,0,1,0,0,0,0,0,0,0,0,0,0,0,0,0,0
"IGLV11-55",0,0,0,4,0,0,0,0,0,1,1,0,0,2,1,0,0,0,3,1,1,3,0,0,0,0,1,7,5,1,0,4,0,2,0,4,0,0,0,0,1,0,1,1,4,0,0,0,0,2,0,2,4,1,2,0,1,1,2
"RN7SKP278",0,0,0,0,0,0,0,0,0,0,0,0,0,0,0,0,0,0,0,0,0,0,0,0,0,0,0,0,0,0,0,0,0,0,0,0,0,0,0,0,0,0,0,0,0,0,0,0,0,0,0,0,0,0,0,0,0,0,0
"RP13-977J11.8",0,1,1,1,1,3,1,1,0,0,1,0,3,3,1,1,0,0,2,0,0,1,0,3,0,0,0,1,2,1,1,0,0,5,3,0,0,1,0,2,1,3,1,0,2,0,0,2,0,0,2,1,1,1,0,0,2,2,1
"MED17",846,1311,1104,1081,1662,1159,1279,1339,1356,739,976,827,1486,1315,1759,896,1080,854,1004,1150,891,1143,1025,1474,1213,1708,1752,1773,1220,1287,1281,1215,1345,1395,1743,1737,1328,819,1148,1342,1052,1675,1443,1222,1136,880,1476,1076,0,923,1328,1477,1167,1533,1061,2240,1383,1348,1416
"MTND1P28",1,0,1,0,0,0,1,0,0,0,1,0,0,0,0,0,0,0,0,0,0,0,1,0,0,1,0,0,0,0,1,1,0,0,1,0,0,0,0,0,0,1,0,1,0,0,0,1,0,0,0,0,0,0,0,0,1,1,0
"RP11-734K21.3",0,1,1,2,2,0,0,2,0,1,0,1,0,1,0,0,0,0,0,1,0,0,0,1,1,0,0,2,0,0,1,5,0,3,1,1,0,0,0,1,0,0,0,0,1,0,4,2,0,0,0,0,0,0,2,0,0,0,1
"RN7SL667P",0,0,0,0,0,0,0,0,0,0,0,0,0,0,0,0,0,0,0,0,0,0,0,0,0,0,0,0,0,0,0,0,0,0,0,0,0,0,0,0,0,0,1,0,0,0,0,0,0,0,0,0,0,0,0,0,0,0,0
"MIR497HG",2,9,19,17,17,8,21,16,12,6,28,23,22,29,33,6,6,6,17,19,9,60,16,12,18,8,11,31,13,18,19,37,20,26,18,28,8,6,10,19,10,34,40,14,17,10,6,13,0,16,14,12,25,23,12,28,18,24,43
"AP000233.4",0,0,0,0,0,2,0,0,0,0,0,0,0,0,0,0,0,0,0,0,0,0,0,0,0,0,0,0,0,0,0,0,0,0,0,0,0,0,1,0,0,0,0,0,0,0,0,0,0,0,0,0,0,1,0,2,0,0,0
"SMAD9",88,180,272,217,446,189,225,263,166,130,229,269,681,465,445,205,148,140,300,342,214,331,318,345,426,277,558,655,192,390,288,411,186,415,276,768,180,248,186,139,253,392,274,138,283,209,207,314,0,424,246,503,414,532,175,548,387,404,263
"RNU4-2",1,1,0,1,0,0,0,1,0,0,4,4,0,0,0,0,1,0,3,0,0,73,52,1,1,0,2,4,2,5,6,1,2,1,0,2,0,0,2,0,0,0,0,0,0,0,0,0,0,0,0,0,0,5,230,0,24,4,1
"AC116165.1",0,0,0,0,0,0,0,0,0,0,0,0,0,0,0,0,0,0,0,0,0,0,0,0,0,0,0,0,0,0,0,0,0,0,0,0,0,0,0,0,0,0,0,0,0,0,0,0,0,0,0,0,0,0,0,0,0,0,0
"AL360004.1",0,0,0,0,0,1,1,2,0,0,0,1,3,0,1,0,0,0,2,0,1,1,1,0,1,0,0,2,8,2,2,1,0,0,1,3,1,1,0,0,1,1,1,0,1,1,1,0,0,1,0,0,0,1,0,0,2,1,2
"RNU6-934P",0,0,0,0,0,0,0,0,0,0,0,0,0,0,0,0,1,0,0,0,0,0,0,0,0,0,0,0,0,0,0,0,0,0,0,0,0,0,0,0,0,0,0,0,0,0,0,0,0,0,0,0,0,0,0,0,0,0,0
"RP11-530A18.1",3,4,1,4,0,5,4,2,1,1,2,1,2,2,3,1,2,1,2,1,2,2,5,1,1,1,3,4,4,1,2,3,2,3,1,5,1,4,0,6,1,5,1,0,2,7,0,1,0,3,4,1,9,2,0,10,9,4,5
